"business_id","score","predictions"
19,"B","B"
24,"A","A"
31,"B","B"
45,"C","C"
48,"C","C"
54,"C","C"
58,"D","D"
61,"B","B"
66,"A","A"
73,"D","D"
76,"A","A"
77,"B","B"
80,"A","A"
88,"C","C"
95,"C","C"
98,"A","A"
99,"D","D"
101,"B","B"
102,"C","C"
108,"A","A"
116,"D","D"
121,"C","C"
125,"B","B"
134,"C","C"
140,"D","D"
141,"A","A"
146,"D","D"
151,"D","D"
155,"D","D"
164,"C","C"
184,"B","B"
187,"B","B"
190,"A","A"
192,"C","C"
194,"D","D"
198,"B","B"
200,"C","C"
208,"C","C"
217,"B","C"
226,"D","D"
236,"B","B"
239,"C","C"
240,"D","D"
247,"C","C"
251,"A","A"
253,"B","B"
256,"B","B"
268,"C","C"
272,"D","D"
273,"D","D"
275,"A","A"
276,"A","A"
279,"B","B"
281,"A","A"
283,"D","D"
286,"D","D"
290,"A","A"
298,"C","C"
300,"C","C"
302,"C","C"
305,"C","C"
315,"C","C"
318,"A","A"
320,"D","D"
323,"A","A"
326,"D","D"
328,"D","D"
337,"C","C"
379,"D","D"
384,"D","D"
386,"D","D"
389,"A","A"
393,"D","D"
397,"A","A"
400,"C","C"
403,"C","C"
409,"D","D"
413,"D","D"
415,"B","B"
422,"A","A"
423,"D","D"
424,"C","C"
428,"A","A"
429,"C","C"
431,"C","C"
435,"B","B"
436,"C","C"
438,"D","D"
442,"D","D"
448,"C","C"
462,"A","A"
463,"C","C"
470,"B","B"
473,"C","C"
475,"C","C"
477,"B","B"
479,"C","C"
480,"D","D"
483,"B","B"
484,"A","A"
485,"A","A"
486,"C","C"
488,"B","B"
489,"D","D"
494,"B","B"
496,"B","B"
500,"C","C"
502,"A","A"
507,"C","C"
509,"C","B"
510,"C","C"
519,"B","B"
522,"C","C"
529,"C","C"
538,"C","C"
539,"C","C"
542,"D","D"
544,"D","D"
547,"C","C"
551,"D","D"
552,"D","D"
557,"D","D"
562,"C","C"
580,"B","B"
587,"D","D"
588,"C","C"
589,"D","D"
591,"C","C"
606,"D","D"
615,"C","C"
619,"D","D"
625,"C","C"
628,"D","D"
631,"D","D"
639,"B","B"
642,"B","B"
645,"B","B"
665,"D","D"
670,"D","D"
691,"C","C"
703,"D","D"
709,"C","C"
726,"D","D"
741,"C","C"
744,"A","B"
754,"B","B"
758,"B","B"
768,"B","B"
773,"A","A"
774,"B","B"
782,"B","B"
786,"B","B"
792,"B","B"
795,"A","A"
798,"B","B"
799,"A","A"
811,"D","D"
816,"C","C"
824,"D","D"
826,"B","B"
827,"D","C"
835,"C","C"
840,"C","C"
845,"B","B"
847,"B","B"
852,"D","D"
854,"D","D"
856,"B","B"
874,"C","C"
876,"D","D"
884,"C","C"
886,"A","A"
891,"C","C"
892,"C","C"
902,"A","A"
903,"B","B"
905,"B","C"
917,"B","B"
919,"A","A"
920,"B","B"
929,"C","C"
935,"C","C"
941,"C","C"
943,"D","D"
949,"B","B"
950,"B","B"
952,"C","C"
961,"B","B"
972,"C","C"
984,"D","D"
985,"D","D"
994,"B","B"
999,"D","D"
1000,"D","D"
1002,"C","C"
1003,"C","C"
1005,"D","D"
1008,"D","D"
1018,"C","C"
1021,"C","D"
1026,"D","D"
1031,"D","D"
1036,"D","D"
1042,"B","B"
1043,"D","D"
1047,"D","D"
1065,"D","D"
1075,"C","C"
1081,"C","C"
1085,"B","B"
1090,"D","D"
1103,"A","A"
1111,"C","C"
1122,"B","C"
1124,"D","D"
1125,"B","B"
1127,"A","A"
1135,"A","A"
1139,"D","D"
1144,"C","C"
1146,"D","D"
1147,"A","A"
1154,"D","D"
1156,"A","B"
1188,"A","A"
1191,"C","C"
1193,"A","A"
1194,"A","A"
1199,"D","D"
1203,"D","D"
1219,"C","C"
1231,"D","D"
1232,"D","D"
1241,"B","B"
1243,"C","C"
1249,"D","D"
1261,"C","C"
1262,"B","B"
1263,"B","B"
1265,"A","A"
1269,"B","B"
1274,"C","C"
1280,"B","B"
1289,"C","C"
1294,"B","B"
1296,"D","D"
1300,"D","D"
1304,"D","D"
1318,"C","C"
1322,"B","B"
1323,"B","A"
1332,"B","B"
1337,"C","C"
1339,"C","C"
1341,"A","A"
1344,"A","A"
1345,"D","D"
1347,"B","B"
1350,"D","D"
1351,"A","A"
1352,"D","D"
1354,"C","C"
1359,"A","A"
1362,"D","D"
1366,"D","D"
1368,"A","A"
1381,"C","C"
1389,"D","D"
1398,"C","C"
1399,"A","B"
1413,"A","A"
1426,"D","D"
1434,"B","B"
1442,"B","B"
1444,"A","A"
1452,"C","C"
1454,"A","A"
1466,"A","B"
1469,"A","A"
1482,"D","D"
1486,"A","A"
1487,"B","B"
1493,"A","A"
1496,"B","B"
1505,"A","A"
1508,"C","B"
1509,"B","B"
1520,"A","A"
1526,"D","D"
1527,"C","C"
1529,"A","A"
1532,"B","B"
1534,"C","C"
1542,"D","D"
1544,"A","A"
1555,"B","B"
1564,"A","A"
1565,"B","B"
1568,"B","B"
1571,"C","C"
1579,"B","B"
1582,"D","D"
1584,"D","D"
1595,"B","B"
1596,"B","B"
1598,"D","D"
1608,"B","B"
1609,"D","D"
1614,"A","A"
1615,"B","B"
1617,"D","D"
1619,"B","B"
1626,"C","C"
1631,"D","D"
1632,"B","B"
1635,"B","B"
1636,"C","C"
1641,"D","D"
1649,"B","C"
1652,"C","C"
1664,"B","B"
1668,"C","C"
1671,"C","C"
1672,"C","C"
1673,"D","D"
1674,"B","B"
1685,"D","D"
1687,"C","C"
1692,"D","D"
1700,"B","B"
1702,"D","D"
1710,"B","B"
1712,"B","B"
1724,"D","D"
1726,"B","B"
1727,"B","C"
1734,"D","D"
1741,"B","B"
1742,"C","C"
1754,"C","C"
1757,"D","D"
1764,"C","C"
1768,"B","B"
1777,"D","D"
1778,"B","B"
1784,"B","B"
1788,"C","B"
1791,"C","C"
1792,"C","C"
1796,"D","D"
1797,"C","C"
1798,"A","A"
1800,"D","D"
1811,"B","C"
1813,"D","D"
1815,"A","A"
1829,"C","C"
1830,"D","D"
1831,"D","D"
1832,"D","D"
1837,"D","D"
1843,"D","D"
1844,"C","C"
1850,"D","D"
1852,"C","C"
1854,"C","C"
1867,"C","C"
1870,"D","D"
1880,"C","C"
1894,"B","B"
1896,"D","D"
1912,"C","C"
1921,"D","D"
1922,"D","D"
1926,"C","C"
1927,"B","B"
1930,"C","C"
1931,"D","D"
1932,"D","D"
1939,"A","A"
1950,"B","B"
1952,"B","B"
1954,"C","C"
1959,"D","D"
1963,"B","B"
1968,"C","C"
1970,"D","D"
1972,"C","C"
1973,"D","D"
1977,"B","B"
1978,"D","D"
1983,"B","B"
1989,"C","C"
1991,"D","D"
1994,"C","C"
2002,"B","B"
2004,"D","D"
2008,"C","C"
2016,"B","B"
2017,"C","C"
2020,"D","D"
2031,"D","D"
2032,"C","C"
2039,"B","B"
2044,"B","B"
2050,"B","B"
2051,"C","C"
2053,"A","A"
2057,"D","D"
2061,"B","B"
2063,"D","D"
2066,"C","C"
2070,"C","C"
2072,"A","A"
2077,"C","C"
2085,"D","D"
2094,"A","A"
2106,"A","A"
2109,"D","D"
2110,"D","D"
2117,"B","B"
2124,"B","B"
2127,"D","D"
2131,"B","B"
2132,"C","C"
2134,"C","C"
2135,"C","C"
2136,"A","A"
2143,"C","C"
2144,"B","B"
2145,"C","C"
2152,"C","C"
2156,"B","B"
2168,"B","B"
2172,"D","D"
2175,"A","A"
2189,"D","D"
2218,"B","B"
2223,"D","D"
2233,"C","C"
2234,"D","D"
2240,"D","D"
2243,"B","B"
2244,"A","A"
2245,"A","A"
2249,"C","C"
2252,"C","C"
2256,"C","C"
2261,"A","A"
2262,"A","A"
2263,"D","D"
2274,"B","B"
2279,"B","B"
2280,"D","D"
2292,"D","D"
2293,"B","B"
2299,"A","A"
2305,"C","C"
2315,"D","D"
2317,"B","B"
2323,"B","B"
2325,"D","D"
2326,"D","D"
2334,"D","D"
2335,"B","B"
2336,"C","C"
2337,"B","B"
2343,"C","C"
2347,"D","D"
2352,"B","B"
2356,"C","C"
2357,"D","D"
2358,"C","C"
2359,"D","D"
2360,"C","C"
2369,"C","C"
2374,"D","D"
2384,"C","C"
2385,"B","B"
2397,"D","D"
2407,"C","C"
2409,"D","D"
2418,"D","D"
2420,"B","B"
2421,"C","C"
2426,"D","D"
2427,"C","C"
2428,"C","C"
2433,"A","A"
2437,"D","D"
2447,"B","B"
2454,"C","C"
2455,"A","A"
2469,"A","A"
2472,"A","A"
2483,"A","A"
2495,"A","A"
2497,"C","C"
2501,"C","C"
2505,"B","B"
2507,"B","B"
2519,"C","C"
2523,"C","C"
2535,"B","B"
2538,"D","D"
2542,"D","D"
2544,"D","D"
2548,"D","D"
2553,"D","D"
2555,"C","C"
2559,"B","B"
2561,"B","B"
2578,"A","A"
2580,"B","B"
2589,"D","D"
2593,"D","D"
2596,"C","C"
2599,"D","D"
2601,"D","D"
2609,"D","D"
2610,"B","B"
2615,"B","B"
2619,"D","D"
2620,"A","A"
2622,"D","D"
2632,"C","C"
2638,"D","D"
2646,"C","C"
2648,"D","D"
2649,"D","D"
2659,"D","D"
2664,"D","D"
2667,"C","D"
2676,"B","B"
2684,"D","C"
2689,"B","B"
2690,"C","C"
2692,"B","C"
2697,"D","D"
2709,"D","D"
2716,"D","D"
2717,"D","D"
2721,"D","D"
2725,"B","B"
2731,"B","B"
2733,"C","C"
2737,"B","B"
2739,"D","D"
2743,"C","C"
2749,"C","D"
2750,"C","C"
2755,"C","C"
2756,"A","A"
2758,"B","B"
2759,"D","C"
2764,"D","D"
2766,"D","D"
2768,"A","A"
2777,"B","B"
2778,"D","D"
2785,"D","D"
2788,"B","B"
2797,"D","D"
2798,"C","C"
2799,"A","A"
2805,"A","A"
2807,"D","C"
2808,"D","D"
2810,"A","A"
2818,"B","B"
2826,"C","C"
2829,"A","A"
2836,"B","B"
2837,"B","B"
2840,"B","B"
2841,"B","B"
2842,"D","D"
2843,"D","D"
2849,"C","B"
2854,"D","D"
2858,"C","C"
2863,"C","C"
2866,"C","C"
2869,"A","A"
2871,"B","B"
2884,"A","A"
2893,"C","C"
2898,"B","B"
2899,"B","B"
2907,"D","D"
2917,"B","B"
2919,"A","A"
2920,"A","A"
2922,"D","D"
2924,"C","C"
2925,"C","C"
2926,"D","C"
2928,"B","B"
2929,"A","A"
2933,"D","D"
2934,"C","C"
2941,"C","C"
2942,"C","C"
2945,"D","D"
2949,"B","B"
2957,"A","A"
2970,"A","A"
2971,"A","A"
2972,"D","D"
2974,"B","B"
2980,"C","B"
2987,"B","B"
2995,"D","D"
2996,"D","D"
3006,"C","C"
3014,"D","D"
3016,"D","D"
3019,"C","C"
3025,"D","D"
3029,"D","D"
3031,"D","D"
3032,"A","A"
3038,"D","D"
3043,"C","C"
3046,"C","C"
3048,"D","D"
3050,"C","B"
3053,"C","C"
3054,"B","B"
3055,"C","C"
3056,"B","C"
3061,"A","A"
3065,"C","C"
3070,"D","D"
3072,"C","C"
3073,"C","C"
3076,"D","D"
3082,"D","D"
3084,"C","C"
3090,"C","C"
3091,"B","B"
3102,"D","D"
3111,"B","B"
3112,"D","D"
3114,"D","D"
3115,"D","D"
3120,"D","D"
3121,"D","D"
3122,"D","D"
3129,"A","A"
3133,"D","D"
3134,"D","D"
3151,"D","D"
3155,"B","B"
3165,"D","D"
3167,"D","D"
3183,"B","B"
3185,"D","D"
3186,"A","A"
3189,"C","C"
3190,"D","D"
3196,"B","B"
3200,"D","D"
3206,"D","D"
3207,"A","A"
3210,"A","A"
3211,"C","C"
3217,"D","D"
3218,"B","B"
3221,"C","C"
3222,"C","C"
3228,"C","C"
3229,"D","D"
3237,"D","D"
3241,"D","D"
3248,"B","B"
3252,"C","C"
3253,"B","B"
3256,"B","C"
3260,"A","A"
3262,"D","D"
3263,"B","B"
3267,"C","C"
3272,"B","B"
3280,"D","D"
3285,"D","D"
3286,"D","D"
3300,"C","C"
3302,"B","B"
3304,"D","D"
3309,"D","D"
3317,"D","D"
3323,"A","A"
3324,"B","C"
3328,"C","C"
3331,"B","B"
3335,"D","D"
3338,"B","B"
3343,"B","C"
3345,"D","D"
3350,"A","A"
3373,"D","D"
3374,"D","D"
3392,"C","C"
3393,"B","B"
3394,"B","B"
3397,"C","C"
3403,"C","C"
3405,"C","C"
3409,"D","D"
3414,"A","A"
3420,"A","A"
3424,"B","C"
3428,"A","A"
3429,"B","B"
3431,"B","B"
3433,"C","C"
3437,"C","C"
3439,"B","B"
3440,"B","B"
3443,"B","B"
3444,"C","C"
3446,"A","A"
3456,"D","D"
3458,"A","A"
3459,"C","C"
3476,"B","B"
3478,"B","B"
3481,"C","C"
3482,"C","C"
3484,"C","C"
3485,"C","C"
3490,"C","C"
3491,"C","C"
3492,"B","B"
3495,"C","C"
3496,"B","B"
3497,"A","A"
3498,"A","A"
3503,"A","A"
3510,"D","D"
3515,"B","B"
3518,"A","A"
3519,"A","A"
3520,"B","B"
3522,"D","D"
3524,"A","A"
3525,"A","A"
3529,"D","D"
3538,"C","C"
3543,"D","D"
3547,"B","B"
3550,"D","D"
3557,"C","C"
3561,"D","D"
3566,"C","C"
3571,"D","D"
3578,"A","A"
3586,"C","C"
3587,"D","D"
3591,"D","D"
3594,"C","C"
3595,"B","B"
3599,"C","C"
3607,"A","A"
3611,"B","C"
3613,"D","D"
3614,"D","D"
3615,"B","B"
3616,"C","C"
3621,"C","C"
3623,"D","D"
3626,"B","B"
3630,"B","B"
3631,"C","C"
3640,"C","C"
3642,"B","B"
3643,"C","C"
3645,"C","C"
3649,"C","C"
3651,"C","D"
3655,"A","A"
3659,"B","B"
3661,"D","D"
3665,"C","C"
3674,"D","D"
3676,"D","D"
3677,"B","B"
3678,"B","B"
3690,"B","B"
3707,"B","B"
3715,"C","C"
3727,"C","C"
3728,"B","B"
3736,"B","B"
3738,"B","C"
3739,"D","D"
3743,"C","C"
3752,"B","B"
3769,"A","A"
3794,"C","C"
3795,"A","A"
3796,"B","B"
3800,"C","C"
3803,"B","B"
3816,"D","D"
3817,"C","C"
3819,"C","C"
3825,"C","C"
3834,"C","C"
3838,"D","D"
3839,"D","D"
3846,"C","C"
3850,"C","C"
3855,"B","B"
3858,"B","B"
3859,"D","D"
3861,"D","D"
3862,"D","D"
3867,"D","D"
3868,"C","C"
3869,"C","D"
3870,"D","D"
3875,"D","D"
3877,"D","D"
3885,"C","C"
3892,"D","D"
3895,"D","D"
3899,"B","B"
3902,"A","A"
3920,"B","B"
3924,"D","D"
3926,"C","C"
3929,"C","C"
3935,"A","A"
3936,"A","B"
3948,"C","C"
3951,"D","D"
3953,"D","D"
3959,"A","A"
3960,"B","B"
3962,"B","B"
3963,"D","D"
3972,"A","A"
3982,"B","C"
4025,"C","C"
4037,"B","B"
4056,"A","A"
4057,"A","A"
4068,"B","B"
4072,"A","A"
4078,"A","A"
4108,"C","C"
4145,"B","B"
4152,"C","C"
4171,"C","C"
4184,"B","B"
4209,"A","A"
4231,"B","B"
4323,"B","B"
4335,"D","D"
4400,"B","B"
4412,"B","B"
4416,"A","A"
4421,"C","C"
4434,"B","B"
4438,"A","A"
4449,"D","D"
4465,"B","B"
4469,"B","B"
4474,"A","A"
4475,"B","B"
4476,"A","A"
4478,"A","A"
4479,"D","D"
4480,"A","A"
4481,"B","B"
4483,"B","B"
4492,"C","C"
4495,"B","B"
4500,"C","C"
4502,"D","D"
4509,"B","B"
4519,"A","A"
4531,"B","B"
4533,"D","D"
4535,"A","A"
4538,"B","B"
4539,"B","B"
4542,"B","B"
4544,"B","B"
4553,"B","B"
4555,"B","B"
4558,"C","C"
4559,"D","D"
4584,"B","B"
4590,"C","C"
4592,"B","B"
4593,"A","A"
4594,"B","B"
4598,"C","C"
4607,"D","D"
4608,"D","D"
4610,"B","B"
4614,"D","D"
4618,"A","A"
4620,"B","B"
4621,"D","D"
4622,"C","C"
4623,"A","A"
4627,"B","B"
4630,"A","A"
4634,"A","A"
4636,"B","B"
4638,"A","A"
4643,"D","D"
4650,"C","C"
4654,"B","B"
4656,"A","A"
4665,"B","B"
4667,"A","A"
4670,"D","D"
4671,"A","A"
4672,"C","C"
4678,"D","D"
4683,"B","B"
4685,"B","B"
4686,"B","B"
4692,"A","A"
4694,"B","B"
4700,"B","B"
4702,"B","B"
4703,"C","C"
4705,"D","D"
4706,"C","B"
4708,"B","B"
4716,"C","C"
4718,"D","D"
4729,"C","C"
4732,"C","C"
4734,"C","C"
4746,"D","D"
4753,"B","B"
4754,"B","B"
4755,"B","B"
4762,"B","B"
4774,"D","D"
4777,"B","B"
4782,"D","D"
4787,"D","D"
4794,"D","D"
4797,"C","C"
4798,"D","C"
4800,"A","A"
4801,"A","B"
4803,"D","D"
4804,"C","C"
4806,"B","B"
4817,"B","B"
4819,"B","B"
4824,"B","B"
4828,"B","B"
4837,"B","B"
4841,"A","A"
4842,"B","B"
4843,"A","A"
4844,"B","B"
4846,"D","D"
4850,"B","B"
4859,"C","B"
4860,"B","B"
4864,"D","D"
4868,"B","B"
4874,"C","C"
4893,"B","B"
4894,"C","C"
4896,"A","A"
4900,"B","B"
4906,"B","B"
4907,"D","D"
4914,"A","A"
4917,"D","D"
4920,"A","A"
4922,"C","C"
4923,"C","C"
4935,"C","C"
4944,"B","B"
4947,"A","A"
4952,"A","A"
4957,"B","B"
4959,"C","C"
4963,"D","D"
4978,"D","D"
4982,"B","B"
4986,"C","C"
4987,"C","C"
5000,"B","B"
5006,"B","C"
5010,"B","C"
5011,"A","A"
5016,"D","D"
5017,"D","D"
5019,"A","A"
5025,"B","B"
5032,"A","A"
5033,"C","C"
5038,"C","C"
5039,"C","C"
5053,"B","B"
5071,"B","B"
5074,"B","B"
5077,"B","B"
5083,"C","B"
5096,"B","B"
5104,"A","A"
5118,"A","A"
5124,"A","B"
5129,"C","C"
5136,"B","B"
5144,"B","B"
5150,"B","B"
5156,"C","C"
5168,"C","B"
5170,"B","B"
5171,"A","A"
5175,"A","A"
5177,"B","B"
5179,"B","B"
5180,"C","C"
5183,"C","C"
5185,"A","A"
5191,"A","A"
5192,"B","B"
5194,"B","B"
5196,"C","C"
5206,"B","B"
5209,"A","A"
5210,"B","B"
5211,"B","B"
5212,"C","C"
5213,"A","A"
5214,"A","A"
5215,"C","C"
5221,"D","D"
5225,"A","A"
5226,"A","A"
5227,"D","D"
5232,"A","A"
5243,"B","B"
5252,"C","C"
5254,"B","B"
5257,"C","C"
5258,"C","C"
5267,"A","A"
5268,"A","A"
5271,"A","A"
5272,"A","A"
5278,"A","A"
5281,"D","D"
5289,"A","A"
5297,"B","B"
5301,"D","D"
5307,"A","A"
5310,"A","A"
5312,"A","A"
5313,"A","A"
5325,"A","A"
5409,"A","A"
5420,"A","A"
5430,"A","A"
5434,"A","A"
5441,"A","A"
5463,"A","B"
5521,"B","B"
5524,"A","A"
5528,"A","A"
5530,"B","B"
5533,"B","B"
5544,"A","A"
5552,"B","B"
5562,"A","A"
5578,"B","B"
5605,"A","A"
5606,"B","B"
5607,"B","B"
5619,"C","C"
5634,"B","B"
5653,"A","A"
5654,"A","A"
5744,"A","A"
5760,"B","B"
5770,"C","C"
5786,"B","B"
5787,"A","A"
5788,"A","A"
5789,"A","A"
5790,"A","A"
5791,"A","A"
5792,"A","A"
5794,"A","A"
5796,"B","B"
5797,"A","A"
5800,"A","A"
5801,"A","A"
5802,"A","A"
5803,"A","B"
5804,"A","A"
5805,"B","C"
5807,"A","B"
5808,"A","A"
5810,"B","B"
5811,"A","A"
5812,"A","A"
5813,"A","A"
5814,"A","A"
5815,"A","A"
5816,"A","A"
5817,"B","B"
5818,"A","A"
5819,"A","A"
5820,"A","B"
5821,"A","A"
5823,"A","A"
5825,"A","A"
5827,"B","B"
5828,"A","A"
5829,"A","A"
5830,"A","A"
5831,"A","A"
5833,"A","A"
5834,"A","A"
5835,"A","A"
5837,"A","A"
5838,"A","B"
5839,"A","A"
5841,"A","A"
5842,"A","A"
5843,"A","A"
5844,"B","B"
5847,"B","B"
5848,"A","A"
5849,"A","A"
5850,"A","A"
5851,"A","A"
5852,"A","A"
5853,"A","A"
5854,"B","B"
5855,"B","B"
5856,"A","A"
5858,"A","A"
5859,"B","B"
5860,"A","A"
5862,"A","A"
5864,"A","A"
5865,"A","A"
5866,"A","A"
5867,"A","A"
5868,"A","A"
5869,"A","A"
5870,"B","B"
5871,"A","A"
5872,"A","A"
5874,"B","B"
5875,"B","B"
5877,"A","A"
5880,"A","A"
5881,"A","A"
5883,"A","A"
5884,"A","A"
5885,"A","A"
5886,"A","A"
5888,"A","A"
5889,"A","A"
5891,"A","A"
5892,"A","A"
5893,"A","A"
5894,"A","A"
5895,"A","A"
5897,"A","A"
5898,"A","A"
5901,"A","A"
5902,"A","A"
5903,"A","A"
5905,"B","C"
5907,"A","A"
5908,"B","B"
5912,"A","A"
5913,"B","B"
5915,"A","A"
5919,"A","A"
5925,"B","B"
5926,"A","A"
5927,"B","B"
5935,"A","A"
5938,"B","B"
5940,"D","D"
5942,"A","A"
5946,"B","B"
5948,"A","A"
5950,"B","B"
5952,"A","B"
5953,"A","A"
5955,"A","A"
5958,"B","B"
5959,"A","A"
5960,"B","B"
5961,"A","A"
5962,"A","A"
5963,"B","B"
5966,"A","A"
5968,"A","A"
5970,"A","A"
5973,"B","B"
5974,"A","A"
5975,"A","A"
5977,"A","A"
5980,"A","A"
5982,"A","A"
5985,"A","A"
5986,"A","A"
5988,"B","B"
5990,"B","B"
5992,"B","B"
5993,"B","B"
5995,"A","A"
5997,"A","A"
5998,"C","C"
5999,"B","B"
6000,"A","A"
6001,"A","A"
6003,"B","B"
6005,"B","B"
6007,"B","B"
6009,"A","A"
6010,"A","A"
6012,"A","A"
6015,"A","A"
6016,"A","A"
6017,"A","A"
6018,"A","A"
6019,"A","A"
6021,"A","A"
6025,"C","C"
6030,"A","A"
6032,"B","B"
6037,"A","A"
6086,"A","A"
6348,"A","A"
6356,"A","A"
6432,"B","B"
6500,"C","C"
6521,"B","B"
6564,"D","D"
6619,"D","D"
6620,"D","D"
6625,"A","A"
6636,"C","C"
6640,"B","B"
6654,"D","D"
6660,"C","C"
6677,"B","B"
6686,"A","A"
6718,"C","C"
6729,"D","D"
6734,"D","D"
6739,"C","C"
6748,"A","A"
6756,"A","A"
6768,"C","C"
6800,"B","B"
6802,"A","A"
6813,"A","A"
6860,"B","B"
6863,"C","C"
6864,"B","B"
6904,"A","A"
6913,"B","B"
6916,"D","D"
6944,"C","C"
6948,"C","C"
6962,"D","D"
6965,"D","D"
6966,"C","C"
7024,"C","C"
7033,"B","B"
7055,"D","D"
7087,"C","C"
7095,"B","B"
7105,"B","B"
7111,"A","A"
7112,"A","A"
7119,"D","D"
7206,"A","A"
7207,"C","C"
7210,"A","A"
7211,"C","C"
7214,"C","C"
7216,"D","D"
7241,"A","A"
7243,"D","D"
7275,"A","A"
7276,"C","D"
7366,"A","A"
7375,"B","B"
7394,"D","D"
7405,"C","C"
7407,"B","B"
7456,"A","A"
7457,"B","B"
7461,"A","A"
7467,"B","B"
7471,"A","A"
7475,"A","A"
7477,"A","A"
7479,"D","D"
7480,"B","B"
7488,"C","C"
7489,"D","D"
7491,"C","C"
7493,"C","C"
7495,"A","A"
7496,"A","A"
7503,"B","B"
7512,"C","C"
7517,"A","A"
7519,"A","A"
7525,"A","A"
7527,"B","B"
7528,"A","A"
7529,"A","A"
7534,"B","B"
7537,"D","D"
7538,"B","B"
7546,"B","B"
7547,"B","B"
7558,"B","C"
7573,"B","B"
7575,"C","C"
7576,"A","A"
7598,"B","B"
7599,"A","A"
7600,"A","A"
7601,"A","A"
7602,"A","A"
7603,"A","A"
7605,"B","B"
7610,"A","A"
7634,"A","A"
7635,"B","B"
7636,"D","D"
7640,"A","A"
7641,"B","B"
7643,"D","D"
7645,"C","C"
7646,"A","B"
7649,"A","A"
7651,"A","A"
7652,"A","A"
7653,"B","B"
7655,"B","B"
7661,"C","C"
7663,"B","B"
7664,"B","B"
7675,"B","B"
7678,"C","C"
7689,"A","A"
7691,"B","B"
7711,"D","D"
7718,"B","B"
7722,"A","A"
7728,"A","A"
7729,"B","B"
7738,"D","D"
7744,"A","A"
7745,"B","B"
7747,"D","D"
7748,"B","B"
7755,"B","B"
7757,"B","C"
7759,"B","B"
7761,"C","C"
7762,"D","D"
7764,"B","B"
7765,"B","B"
7768,"B","B"
7772,"C","C"
7778,"B","B"
7779,"B","B"
7786,"C","C"
7856,"C","C"
7857,"A","A"
7880,"B","B"
7997,"B","B"
8122,"A","A"
8151,"A","A"
8249,"B","B"
8251,"A","A"
8750,"B","B"
8821,"B","B"
8823,"A","A"
8847,"C","C"
8882,"B","B"
8948,"C","C"
9103,"C","C"
9155,"B","B"
9156,"D","D"
9164,"B","B"
9208,"C","C"
9232,"C","C"
9248,"A","A"
9273,"D","D"
9283,"D","D"
9298,"C","C"
9310,"B","B"
9359,"A","A"
9444,"B","B"
9599,"C","C"
9631,"C","C"
9652,"D","D"
9672,"A","A"
9677,"C","C"
9679,"D","D"
9684,"C","C"
9710,"A","A"
9745,"A","A"
9765,"B","B"
9797,"A","A"
9869,"B","B"
9948,"C","C"
10030,"A","A"
10083,"D","D"
10127,"A","A"
10131,"B","B"
10170,"D","D"
10235,"C","C"
10280,"C","D"
10282,"B","B"
10332,"D","D"
10377,"B","A"
10433,"D","D"
10438,"B","B"
10540,"D","D"
10625,"D","D"
10668,"A","A"
10875,"B","B"
10877,"D","D"
10931,"B","B"
10990,"C","C"
11034,"D","D"
11289,"C","C"
11304,"B","B"
11365,"A","A"
11379,"D","D"
11487,"B","B"
11488,"A","A"
11491,"A","A"
11568,"C","C"
11594,"B","B"
11610,"C","B"
11860,"D","D"
12005,"A","A"
12083,"D","D"
12682,"D","D"
12768,"B","B"
12788,"A","A"
12970,"B","B"
13041,"B","B"
13218,"C","C"
13226,"A","A"
13374,"A","A"
13426,"B","B"
13427,"A","A"
13428,"C","C"
13623,"D","D"
13671,"C","B"
13814,"C","C"
13831,"D","D"
13838,"C","B"
14005,"C","B"
14071,"C","C"
14075,"A","A"
14285,"D","D"
14303,"D","D"
14429,"A","A"
14525,"A","A"
14577,"D","D"
14688,"B","B"
14740,"A","A"
14743,"A","A"
14909,"A","A"
14910,"A","A"
14971,"A","A"
15120,"B","B"
15279,"C","C"
15535,"B","B"
15738,"D","D"
15752,"A","A"
15806,"A","A"
16047,"B","B"
16286,"C","C"
16329,"D","D"
16349,"B","B"
16424,"B","B"
16432,"A","A"
16441,"D","D"
16513,"D","D"
16751,"C","C"
16784,"B","B"
17346,"A","A"
17508,"B","B"
17570,"D","D"
17612,"A","A"
17616,"C","C"
17647,"C","C"
17689,"D","D"
17723,"D","D"
17750,"D","D"
17762,"C","C"
17779,"B","B"
17822,"A","A"
17933,"A","A"
17947,"D","D"
18047,"D","D"
18102,"D","D"
18120,"C","C"
18126,"B","B"
18268,"A","A"
18310,"D","D"
18357,"C","C"
18399,"A","A"
18462,"B","B"
18480,"D","D"
18514,"D","D"
18538,"C","C"
18573,"B","B"
18577,"B","B"
18606,"D","C"
18616,"C","C"
18755,"B","B"
18767,"C","C"
18800,"C","C"
18805,"A","A"
18825,"D","D"
18826,"C","C"
18855,"B","B"
18874,"A","A"
18921,"B","B"
18940,"B","B"
18952,"A","A"
18953,"A","A"
18954,"A","A"
18981,"A","A"
18996,"B","C"
19002,"C","C"
19003,"D","D"
19041,"D","D"
19043,"C","C"
19055,"B","B"
19056,"A","A"
19057,"A","A"
19058,"A","A"
19060,"A","A"
19061,"B","B"
19064,"B","B"
19076,"D","D"
19082,"C","C"
19094,"C","B"
19131,"D","D"
19138,"C","C"
19169,"C","C"
19170,"A","A"
19171,"B","B"
19205,"B","B"
19357,"D","D"
19373,"D","D"
19379,"C","C"
19403,"B","B"
19416,"B","A"
19417,"A","A"
19418,"A","A"
20116,"C","C"
20291,"D","D"
20327,"D","D"
20367,"D","D"
20625,"A","A"
21101,"A","A"
21143,"C","C"
21407,"D","D"
21429,"B","B"
21583,"A","A"
21785,"D","D"
21807,"D","D"
21909,"B","B"
21921,"D","D"
21982,"D","D"
22177,"B","B"
22304,"C","C"
22606,"C","C"
22671,"A","A"
23068,"D","D"
23273,"B","B"
23557,"C","C"
23702,"D","D"
23704,"B","B"
23865,"B","B"
24023,"B","B"
24024,"A","A"
24025,"B","B"
24198,"C","C"
24279,"C","C"
24431,"B","B"
24437,"B","B"
24534,"C","C"
24572,"D","D"
25151,"A","B"
25153,"C","C"
25160,"A","A"
25161,"B","B"
25162,"B","B"
25163,"A","A"
25167,"B","B"
25301,"D","D"
25374,"C","C"
25404,"A","A"
25651,"B","B"
25777,"C","C"
26025,"C","C"
26146,"A","A"
26149,"C","C"
26340,"D","D"
26341,"B","B"
26343,"B","B"
26379,"B","B"
27055,"B","B"
27306,"A","A"
27350,"D","D"
27472,"B","B"
27680,"D","D"
27790,"B","B"
27791,"A","A"
27799,"C","C"
27801,"B","B"
27821,"A","A"
27851,"A","A"
27874,"A","A"
27947,"A","A"
27949,"D","D"
27964,"C","D"
28044,"A","A"
28169,"C","C"
28206,"D","D"
28318,"C","C"
28468,"B","B"
28843,"C","C"
28976,"A","A"
29246,"C","C"
29304,"B","B"
29312,"B","B"
29428,"C","C"
29429,"C","C"
29610,"D","D"
29948,"D","D"
29950,"A","A"
29956,"B","B"
30001,"C","C"
30156,"A","A"
30478,"A","A"
30496,"A","A"
30532,"D","D"
31568,"C","C"
32170,"C","C"
32556,"D","D"
32570,"C","C"
32578,"C","C"
32579,"B","B"
32586,"B","B"
32625,"C","C"
32654,"D","D"
32671,"D","D"
32698,"D","D"
32702,"C","C"
32729,"C","C"
32733,"A","B"
32736,"B","B"
32738,"B","B"
32818,"B","B"
32823,"B","B"
32835,"B","B"
32862,"B","B"
32872,"D","D"
32887,"D","D"
32897,"A","A"
32919,"D","D"
32925,"D","D"
33011,"A","A"
33014,"C","C"
33054,"B","B"
33056,"C","C"
33084,"B","B"
33093,"A","A"
33096,"B","B"
33113,"C","C"
33125,"D","D"
33145,"B","B"
33160,"B","B"
33173,"A","A"
33198,"B","B"
33222,"B","B"
33315,"A","A"
33375,"D","D"
33378,"C","C"
33379,"D","D"
33386,"B","B"
33388,"A","A"
33413,"A","A"
33442,"D","C"
33448,"C","C"
33467,"B","B"
33468,"D","D"
33516,"C","C"
33527,"D","D"
33564,"B","B"
33591,"C","C"
33619,"B","B"
33700,"C","C"
33709,"A","A"
33710,"A","A"
33712,"D","D"
33747,"D","D"
33831,"A","A"
33837,"B","B"
33851,"D","D"
33865,"B","B"
33891,"C","C"
33911,"D","D"
33914,"C","C"
33916,"D","D"
33920,"D","D"
33935,"C","C"
33940,"B","B"
33945,"B","B"
33997,"A","A"
33999,"C","C"
34033,"C","C"
34046,"B","B"
34066,"C","C"
34102,"C","C"
34181,"C","C"
34186,"B","C"
34220,"A","A"
34221,"C","C"
34222,"A","A"
34244,"A","A"
34352,"B","B"
34353,"B","B"
34387,"B","B"
34388,"D","D"
34395,"B","B"
34411,"B","B"
34418,"C","C"
34434,"D","D"
34458,"D","D"
34505,"D","D"
34585,"D","D"
34591,"C","C"
34611,"D","D"
34662,"C","C"
34665,"D","D"
34676,"D","D"
34708,"C","C"
34710,"B","B"
34726,"B","C"
34728,"B","B"
34746,"B","B"
34749,"B","B"
34787,"B","B"
34814,"D","D"
34839,"D","D"
34858,"C","C"
34910,"C","C"
34992,"B","B"
35106,"C","C"
35199,"D","D"
35221,"D","D"
35240,"D","D"
35317,"B","B"
35340,"A","B"
35415,"A","A"
35425,"D","D"
35464,"B","B"
35507,"B","B"
35565,"C","C"
35591,"C","C"
35592,"D","D"
35659,"D","D"
35702,"D","D"
35771,"A","A"
35786,"B","B"
35790,"A","A"
35805,"D","D"
35812,"C","C"
35828,"D","D"
35852,"C","C"
35855,"C","C"
35862,"C","C"
35882,"A","A"
36014,"C","C"
36020,"C","B"
36022,"D","D"
36023,"B","B"
36024,"C","C"
36160,"B","B"
36201,"D","D"
36205,"C","C"
36208,"B","B"
36213,"A","A"
36214,"A","A"
36215,"A","A"
36216,"A","A"
36277,"C","B"
36348,"C","C"
36378,"B","B"
36396,"A","A"
36451,"A","A"
36452,"D","D"
36473,"B","B"
36474,"D","D"
36494,"B","B"
36512,"B","B"
36513,"B","B"
36519,"C","C"
36523,"D","D"
36534,"B","B"
36547,"A","A"
36570,"C","C"
36571,"D","D"
36589,"D","D"
36602,"D","D"
36614,"D","D"
36618,"B","B"
36635,"C","C"
36673,"D","D"
36685,"B","B"
36687,"D","D"
36695,"A","A"
36730,"B","B"
36744,"D","D"
36745,"D","D"
36750,"B","B"
36758,"C","C"
36786,"D","D"
36840,"C","C"
36850,"B","B"
36861,"B","B"
36875,"B","B"
36876,"C","C"
36911,"B","B"
37038,"B","B"
37060,"C","C"
37090,"D","D"
37115,"C","C"
37151,"B","B"
37166,"B","C"
37167,"B","B"
37168,"C","D"
37169,"A","A"
37170,"A","A"
37171,"A","A"
37231,"D","D"
37232,"B","B"
37234,"B","B"
37304,"D","D"
37344,"D","D"
37350,"B","B"
37361,"A","A"
37389,"C","C"
37390,"D","D"
37405,"D","D"
37407,"D","D"
37462,"D","B"
37482,"C","C"
37507,"A","A"
37575,"D","D"
37651,"B","C"
37654,"C","C"
37656,"A","A"
37658,"C","C"
37670,"B","B"
37682,"C","C"
37688,"A","A"
37717,"B","B"
37731,"C","C"
37732,"B","B"
37755,"C","C"
37792,"A","A"
37802,"C","C"
37818,"A","A"
37820,"B","B"
37833,"B","B"
37879,"D","D"
37882,"C","C"
37986,"B","B"
38070,"D","D"
38072,"D","D"
38073,"B","B"
38106,"C","C"
38112,"B","C"
38139,"C","C"
38179,"A","A"
38182,"A","A"
38197,"B","B"
38201,"B","B"
38202,"D","D"
38231,"B","B"
38247,"A","A"
38258,"D","D"
38259,"C","C"
38306,"B","B"
38307,"C","C"
38330,"B","B"
38379,"C","C"
38423,"A","A"
38427,"D","D"
38442,"D","D"
38458,"B","B"
38479,"B","B"
38485,"C","D"
38530,"D","D"
38564,"D","D"
38566,"C","C"
38580,"C","C"
38606,"C","C"
38611,"D","D"
38752,"B","C"
38788,"B","B"
38797,"B","B"
38798,"B","B"
38808,"D","D"
38882,"A","A"
38885,"B","B"
38929,"D","D"
39025,"A","A"
39047,"B","B"
39049,"C","C"
39050,"A","A"
39052,"B","B"
39053,"B","B"
39113,"C","C"
39119,"C","C"
39169,"A","A"
39176,"D","D"
39205,"C","C"
39295,"B","B"
39396,"D","D"
39398,"C","C"
39403,"C","C"
39495,"A","A"
39513,"B","B"
39528,"D","D"
39606,"B","B"
39608,"D","D"
39665,"B","B"
39667,"C","C"
39693,"C","C"
39695,"B","B"
39708,"D","D"
39776,"D","D"
39810,"C","C"
39824,"C","C"
39862,"B","B"
39875,"B","B"
39888,"B","B"
39936,"A","B"
39937,"A","A"
40001,"B","B"
40144,"B","B"
40185,"C","C"
40197,"B","B"
40216,"D","D"
40217,"D","D"
57552,"D","D"
57579,"D","D"
57601,"A","A"
57628,"B","B"
57630,"A","A"
57698,"C","C"
57751,"B","B"
57754,"A","A"
57755,"B","B"
58573,"B","B"
58574,"C","C"
58576,"D","D"
58610,"C","C"
58611,"C","C"
58612,"A","A"
58628,"B","B"
58637,"B","B"
58659,"D","D"
58673,"D","D"
58718,"B","B"
58745,"D","D"
58781,"A","A"
58803,"D","D"
58850,"A","A"
58861,"B","B"
58879,"C","C"
58922,"C","C"
59002,"B","B"
59009,"B","B"
59016,"A","B"
59021,"B","B"
59025,"C","C"
59040,"C","C"
59041,"B","B"
59044,"D","D"
59065,"B","B"
59141,"A","A"
59152,"C","C"
59153,"D","D"
59154,"C","C"
59178,"D","D"
59179,"C","C"
59215,"B","A"
59289,"D","D"
59331,"C","C"
59397,"C","C"
59407,"C","C"
59422,"B","C"
59464,"A","A"
59520,"B","B"
59574,"C","C"
59577,"D","D"
59599,"B","B"
59637,"C","D"
59638,"B","C"
59651,"D","D"
59691,"B","B"
59727,"D","D"
59777,"A","A"
59826,"D","D"
59828,"D","D"
59833,"D","D"
59838,"C","D"
59872,"C","C"
59896,"B","B"
59934,"D","D"
59935,"C","C"
59949,"B","C"
59986,"D","D"
59988,"C","C"
60067,"C","C"
60114,"B","B"
60115,"D","D"
60208,"C","C"
60210,"C","C"
60230,"B","B"
60254,"A","A"
60331,"D","D"
60334,"D","D"
60349,"C","B"
60354,"D","D"
60355,"D","D"
60380,"B","B"
60387,"A","A"
60400,"C","C"
60445,"B","B"
60472,"D","D"
60473,"C","C"
60475,"D","D"
60484,"D","D"
60518,"D","D"
60544,"A","A"
60554,"B","B"
60555,"A","A"
60561,"B","B"
60616,"B","B"
60628,"B","B"
60631,"A","A"
60632,"A","A"
60633,"A","A"
60644,"B","B"
60649,"B","A"
60657,"A","A"
60713,"A","A"
60737,"C","C"
60786,"C","D"
60823,"B","B"
60824,"B","B"
60825,"A","A"
60828,"C","B"
60833,"A","A"
60898,"D","C"
60933,"D","C"
60984,"C","C"
61001,"A","A"
61016,"B","B"
61056,"B","B"
61073,"D","D"
61093,"C","C"
61109,"A","A"
61136,"D","D"
61180,"D","D"
61187,"B","B"
61206,"D","D"
61285,"B","B"
61324,"B","B"
61326,"A","A"
61351,"C","C"
61357,"B","B"
61390,"A","A"
61427,"D","D"
61438,"C","C"
61460,"C","C"
61467,"C","C"
61493,"B","B"
61494,"D","D"
61499,"D","C"
61500,"B","B"
61512,"B","B"
61514,"C","C"
61516,"A","A"
61550,"B","B"
61563,"B","B"
61579,"D","D"
61592,"B","B"
61598,"C","C"
61602,"C","C"
61612,"B","B"
61623,"B","B"
61635,"B","C"
61641,"A","A"
61643,"C","C"
61669,"C","C"
61736,"C","C"
61806,"A","A"
61823,"D","D"
61856,"B","B"
61861,"D","D"
61915,"D","D"
61923,"A","B"
61953,"B","B"
61959,"A","A"
61976,"D","D"
61989,"D","D"
62000,"B","B"
62010,"B","B"
62051,"C","C"
62056,"B","C"
62060,"B","B"
62064,"B","B"
62067,"B","B"
62069,"B","B"
62179,"B","B"
62251,"A","A"
62277,"C","C"
62298,"A","A"
62308,"C","C"
62330,"D","D"
62334,"B","B"
62362,"A","A"
62419,"A","A"
62435,"A","A"
62445,"A","A"
62462,"D","D"
62487,"A","A"
62526,"A","A"
62532,"C","C"
62548,"D","D"
62550,"D","D"
62551,"B","B"
62552,"A","A"
62560,"C","C"
62572,"A","A"
62573,"D","C"
62578,"D","D"
62597,"D","D"
62632,"D","D"
62658,"A","A"
62674,"A","A"
62688,"C","C"
62701,"D","D"
62702,"B","B"
62708,"C","C"
62717,"A","A"
62730,"B","B"
62735,"D","D"
62739,"B","B"
62765,"D","D"
62767,"A","A"
62768,"B","B"
62769,"D","D"
62771,"D","D"
62775,"A","B"
62777,"C","B"
62779,"C","C"
62780,"C","C"
62784,"B","B"
62785,"C","C"
62814,"A","A"
62816,"A","A"
62889,"A","B"
62896,"D","D"
62900,"D","D"
62939,"A","A"
62990,"B","B"
63000,"A","A"
63016,"C","C"
63047,"B","B"
63049,"B","B"
63077,"B","A"
63079,"A","A"
63082,"D","D"
63084,"D","D"
63095,"A","A"
63112,"B","B"
63119,"A","A"
63121,"D","D"
63136,"A","A"
63150,"D","D"
63156,"D","D"
63169,"C","C"
63191,"D","D"
63248,"A","A"
63256,"D","D"
63265,"C","C"
63280,"D","D"
63286,"D","D"
63287,"D","D"
63297,"A","A"
63303,"D","B"
63304,"A","A"
63406,"B","B"
63413,"B","B"
63429,"C","B"
63447,"D","D"
63488,"B","B"
63489,"A","A"
63493,"D","D"
63503,"B","B"
63554,"B","B"
63576,"B","B"
63597,"B","B"
63601,"D","D"
63615,"B","B"
63618,"B","B"
63619,"B","B"
63646,"B","B"
63651,"B","B"
63652,"B","B"
63653,"D","D"
63654,"A","A"
63713,"A","A"
63755,"D","D"
63757,"D","D"
63763,"D","D"
63773,"D","D"
63860,"B","B"
63893,"C","C"
63896,"C","C"
63897,"B","B"
63918,"B","B"
63940,"C","C"
63943,"A","A"
63971,"C","C"
63992,"D","D"
64004,"B","B"
64007,"B","B"
64008,"B","B"
64021,"D","D"
64057,"B","B"
64067,"B","B"
64076,"C","C"
64092,"B","B"
64101,"A","A"
64116,"B","B"
64141,"C","C"
64154,"C","C"
64161,"D","D"
64176,"D","D"
64195,"C","C"
64213,"B","B"
64231,"C","C"
64236,"D","D"
64308,"C","C"
64338,"C","C"
64346,"D","D"
64351,"B","C"
64361,"A","A"
64379,"B","B"
64380,"C","C"
64384,"B","B"
64416,"B","B"
64420,"B","B"
64454,"D","D"
64466,"C","C"
64484,"C","C"
64490,"A","A"
64492,"A","A"
64496,"D","D"
64501,"D","D"
64513,"B","B"
64524,"C","C"
64525,"D","D"
64612,"D","D"
64636,"C","C"
64653,"D","D"
64660,"D","D"
64667,"B","B"
64682,"C","C"
64717,"B","B"
64723,"D","D"
64745,"C","C"
64790,"C","C"
64805,"C","C"
64814,"D","D"
64835,"C","C"
64843,"C","C"
64859,"A","A"
64884,"B","B"
64933,"D","C"
64938,"D","D"
64940,"B","B"
64958,"D","D"
65007,"B","B"
65014,"D","D"
65026,"C","C"
65051,"B","B"
65057,"C","C"
65060,"A","A"
65066,"D","D"
65086,"C","C"
65111,"C","C"
65137,"D","D"
65139,"D","D"
65181,"B","C"
65238,"C","C"
65241,"C","C"
65245,"B","B"
65260,"B","B"
65265,"A","A"
65267,"B","B"
65270,"A","A"
65271,"B","B"
65277,"A","A"
65283,"B","B"
65348,"D","D"
65350,"C","C"
65358,"A","A"
65369,"A","A"
65382,"D","D"
65383,"C","C"
65391,"B","B"
65392,"B","B"
65396,"C","C"
65412,"C","C"
65415,"B","B"
65425,"A","A"
65442,"D","D"
65487,"C","C"
65529,"C","C"
65531,"B","B"
65549,"A","A"
65554,"B","B"
65561,"D","D"
65580,"D","D"
65582,"C","C"
65602,"A","A"
65622,"B","B"
65624,"B","B"
65635,"D","D"
65649,"C","C"
65672,"B","B"
65674,"D","D"
65676,"C","C"
65677,"B","C"
65679,"D","D"
65692,"B","B"
65695,"D","D"
65724,"A","A"
65725,"B","B"
65770,"C","C"
65776,"B","B"
65791,"C","C"
65795,"C","D"
65813,"C","C"
65819,"A","A"
65820,"A","A"
65824,"C","C"
65829,"D","D"
65830,"B","B"
65831,"D","D"
65833,"B","B"
65834,"D","D"
65852,"B","C"
65856,"D","D"
65857,"B","B"
65860,"D","D"
65872,"C","C"
65873,"D","D"
65893,"A","A"
65896,"C","C"
65898,"B","B"
65900,"A","A"
65901,"B","B"
65902,"C","C"
65925,"C","C"
66185,"A","A"
66191,"A","A"
66202,"A","A"
66220,"D","D"
66229,"D","D"
66255,"C","C"
66276,"D","D"
66279,"A","A"
66280,"B","B"
66297,"C","C"
66331,"C","C"
66336,"C","C"
66361,"D","D"
66362,"C","C"
66363,"B","B"
66384,"C","C"
66394,"B","B"
66400,"D","D"
66402,"B","B"
66406,"D","D"
66411,"A","A"
66418,"D","D"
66475,"B","B"
66515,"C","C"
66517,"D","D"
66522,"D","D"
66534,"C","B"
66536,"C","C"
66583,"B","B"
66584,"C","B"
66592,"A","A"
66612,"B","B"
66637,"D","D"
66656,"B","B"
66679,"D","D"
66684,"A","A"
66685,"C","C"
66687,"A","A"
66694,"C","C"
66695,"D","D"
66704,"D","D"
66705,"D","D"
66709,"A","A"
66711,"C","B"
66717,"C","C"
66732,"C","C"
66736,"B","B"
66768,"A","A"
66771,"A","A"
66808,"B","C"
66874,"D","D"
66894,"A","A"
66896,"B","B"
66900,"D","D"
66901,"D","D"
66902,"C","B"
66925,"B","B"
66961,"D","D"
66963,"B","B"
66972,"A","A"
66979,"A","A"
66985,"C","C"
66988,"D","D"
66990,"C","C"
66992,"C","C"
66999,"D","D"
67043,"D","D"
67049,"B","B"
67063,"D","D"
67067,"C","C"
67075,"C","C"
67093,"B","B"
67123,"B","B"
67149,"B","B"
67154,"C","C"
67176,"C","C"
67182,"B","C"
67184,"B","B"
67186,"C","C"
67187,"A","A"
67218,"C","C"
67235,"C","C"
67237,"D","D"
67246,"B","B"
67250,"A","A"
67262,"D","C"
67276,"B","B"
67330,"C","C"
67359,"C","C"
67371,"D","D"
67414,"A","A"
67427,"B","B"
67446,"D","D"
67448,"D","D"
67489,"B","B"
67495,"C","C"
67509,"A","A"
67510,"D","D"
67545,"A","A"
67554,"D","D"
67558,"B","B"
67564,"D","D"
67565,"D","D"
67567,"B","B"
67584,"B","B"
67587,"B","B"
67602,"B","B"
67615,"B","B"
67690,"B","B"
67754,"C","C"
67788,"C","C"
67828,"C","C"
67856,"B","B"
67862,"B","C"
67869,"C","C"
67871,"A","A"
67895,"C","C"
67911,"B","B"
67917,"A","A"
67920,"D","D"
67923,"C","C"
67982,"C","C"
67985,"C","C"
68013,"A","A"
68018,"B","B"
68026,"C","C"
68036,"D","D"
68037,"D","D"
68042,"D","D"
68045,"B","B"
68070,"D","D"
68079,"B","B"
68089,"B","B"
68090,"B","B"
68091,"C","C"
68104,"C","C"
68105,"C","C"
68121,"D","D"
68128,"A","A"
68130,"D","D"
68131,"D","D"
68148,"D","D"
68152,"B","B"
68158,"B","B"
68159,"D","D"
68160,"D","D"
68173,"B","B"
68189,"C","C"
68196,"A","A"
68219,"A","B"
68242,"C","C"
68247,"C","C"
68249,"C","C"
68257,"A","A"
68258,"B","B"
68259,"A","B"
68260,"A","A"
68262,"A","A"
68269,"A","A"
68283,"A","A"
68294,"B","C"
68295,"B","B"
68298,"B","B"
68320,"D","D"
68321,"D","D"
68331,"C","C"
68345,"C","C"
68351,"C","C"
68352,"B","B"
68353,"B","B"
68356,"B","B"
68360,"B","B"
68365,"B","B"
68366,"C","C"
68386,"B","B"
68390,"D","D"
68394,"C","C"
68403,"D","D"
68407,"B","B"
68428,"C","C"
68430,"B","B"
68431,"C","C"
68442,"D","D"
68451,"D","D"
68454,"D","D"
68467,"A","A"
68483,"C","C"
68493,"D","D"
68503,"C","C"
68504,"A","A"
68540,"B","B"
68560,"D","D"
68597,"A","A"
68602,"A","A"
68615,"D","D"
68629,"C","C"
68644,"D","D"
68649,"D","C"
68672,"D","D"
68674,"A","B"
68699,"A","A"
68716,"C","C"
68739,"C","C"
68753,"D","D"
68763,"C","C"
68768,"D","D"
68773,"C","C"
68774,"A","A"
68784,"A","A"
68799,"C","C"
68813,"D","D"
68814,"B","B"
68826,"D","D"
68827,"B","B"
68831,"D","D"
68832,"D","D"
68865,"C","C"
68890,"D","D"
68894,"B","B"
68895,"B","B"
68909,"A","A"
68916,"D","D"
68944,"A","A"
68955,"B","B"
68961,"D","D"
68963,"C","C"
68974,"A","A"
68986,"D","D"
68998,"C","C"
69006,"A","A"
69016,"D","D"
69041,"D","D"
69069,"A","B"
69081,"A","A"
69110,"D","D"
69113,"B","B"
69115,"D","C"
69118,"C","C"
69121,"C","C"
69127,"A","A"
69135,"A","A"
69172,"A","B"
69175,"D","D"
69181,"B","B"
69186,"D","D"
69188,"B","B"
69194,"B","B"
69207,"B","B"
69208,"B","B"
69214,"B","B"
69217,"B","B"
69237,"A","A"
69244,"C","C"
69249,"B","B"
69253,"C","C"
69259,"A","A"
69282,"D","D"
69288,"B","B"
69290,"A","A"
69291,"B","B"
69299,"D","D"
69324,"C","C"
69350,"A","A"
69351,"C","C"
69353,"D","D"
69368,"B","B"
69383,"A","A"
69388,"B","B"
69392,"D","D"
69397,"D","D"
69403,"C","C"
69419,"D","D"
69437,"A","A"
69465,"B","B"
69466,"D","D"
69475,"B","B"
69486,"D","D"
69487,"B","B"
69489,"C","C"
69492,"B","B"
69501,"C","C"
69512,"A","A"
69520,"C","C"
69527,"B","C"
69528,"A","A"
69547,"A","A"
69576,"B","B"
69584,"D","D"
69590,"B","B"
69595,"B","B"
69606,"D","D"
69618,"D","D"
69621,"C","C"
69627,"A","A"
69653,"D","D"
69664,"C","C"
69665,"C","C"
69666,"C","C"
69679,"A","A"
69680,"B","B"
69691,"D","D"
69694,"D","D"
69705,"B","B"
69706,"C","C"
69737,"C","B"
69753,"B","B"
69759,"D","D"
69761,"A","A"
69762,"D","D"
69769,"B","B"
69782,"C","C"
69786,"C","C"
69792,"D","D"
69799,"C","C"
69813,"B","B"
69828,"C","D"
69849,"B","B"
69885,"B","B"
69895,"A","A"
69909,"B","B"
69945,"D","D"
69957,"C","C"
69962,"D","D"
70014,"D","D"
70017,"C","C"
70019,"C","C"
70022,"D","D"
70034,"B","B"
70045,"B","B"
70058,"A","A"
70064,"D","D"
70071,"B","B"
70090,"B","B"
70123,"A","A"
70132,"C","C"
70141,"A","A"
70142,"D","D"
70148,"C","C"
70182,"B","B"
70184,"D","D"
70207,"B","B"
70210,"A","A"
70217,"A","A"
70220,"A","A"
70225,"B","B"
70254,"A","A"
70258,"B","B"
70281,"D","D"
70282,"B","B"
70305,"A","A"
70306,"D","D"
70309,"B","B"
70365,"C","C"
70418,"B","B"
70425,"A","A"
70434,"C","C"
70452,"C","C"
70459,"C","C"
70486,"C","C"
70494,"B","B"
70516,"B","B"
70521,"D","D"
70562,"B","C"
70576,"C","C"
70619,"C","C"
70641,"D","D"
70685,"C","C"
70686,"B","B"
70702,"B","B"
70705,"A","A"
70707,"A","A"
70717,"C","C"
70723,"D","C"
70755,"A","A"
70758,"A","A"
70778,"B","B"
70780,"C","C"
70823,"B","B"
70838,"D","D"
70839,"B","B"
70849,"D","D"
70856,"C","C"
70912,"B","B"
70914,"D","D"
70921,"A","A"
70922,"B","B"
70929,"A","A"
70949,"B","B"
70960,"D","D"
70961,"A","A"
70970,"D","D"
71008,"D","D"
71056,"C","C"
71057,"C","C"
71065,"D","D"
71067,"B","B"
71087,"B","B"
71131,"D","D"
71149,"B","B"
71154,"A","A"
71168,"D","D"
71187,"A","A"
71226,"B","B"
71232,"D","D"
71286,"C","C"
71292,"B","B"
71310,"D","D"
71322,"D","D"
71328,"B","B"
71356,"C","C"
71366,"C","C"
71380,"B","C"
71413,"A","A"
71422,"B","B"
71428,"A","A"
71430,"C","C"
71440,"D","D"
71456,"B","B"
71469,"B","B"
71476,"B","B"
71510,"B","B"
71524,"D","D"
71530,"C","C"
71532,"B","B"
71534,"C","C"
71563,"B","B"
71576,"B","B"
71640,"A","A"
71657,"D","D"
71696,"C","C"
71723,"D","D"
71780,"A","A"
71783,"C","D"
71803,"B","B"
71823,"B","B"
71831,"D","D"
71841,"B","B"
71909,"C","C"
71910,"B","B"
71915,"D","D"
71946,"B","B"
71962,"C","C"
71988,"A","A"
71999,"C","C"
72002,"A","A"
72004,"D","D"
72015,"C","C"
72020,"A","B"
72024,"C","C"
72027,"D","D"
72046,"B","B"
72049,"D","D"
72073,"A","A"
72093,"D","D"
72117,"B","B"
72153,"B","B"
72164,"D","D"
72169,"B","B"
72171,"D","D"
72176,"D","D"
73849,"B","B"
73871,"D","D"
73875,"A","A"
73889,"D","D"
73900,"B","B"
73902,"B","B"
73906,"A","A"
73949,"C","C"
73955,"C","D"
73963,"C","C"
73978,"B","B"
73985,"C","B"
73998,"C","C"
74010,"D","D"
74039,"A","A"
74116,"B","B"
74131,"D","D"
74133,"B","B"
74149,"D","D"
74168,"D","D"
74202,"B","B"
74210,"C","C"
74229,"D","D"
74237,"C","C"
74239,"B","B"
74240,"B","B"
74244,"B","B"
74283,"D","D"
74327,"A","A"
74336,"A","A"
74358,"B","B"
74371,"D","D"
74374,"D","D"
74399,"C","C"
74429,"C","C"
74436,"B","B"
74453,"D","C"
74468,"C","C"
74485,"C","C"
74509,"A","A"
74522,"B","B"
74524,"A","A"
74536,"A","A"
74537,"A","A"
74563,"D","D"
74591,"D","D"
74626,"A","A"
74680,"B","B"
74712,"C","C"
74722,"B","B"
74756,"A","A"
74759,"B","B"
74763,"C","C"
74797,"B","B"
74800,"D","D"
74829,"A","A"
74854,"B","B"
74866,"D","D"
74922,"C","C"
74952,"A","A"
74955,"B","B"
74973,"C","C"
74983,"A","A"
74989,"A","A"
74993,"D","D"
74999,"B","B"
75013,"C","C"
75055,"A","A"
75063,"D","D"
75113,"D","D"
75147,"C","C"
75173,"A","A"
75187,"D","D"
75217,"D","D"
75223,"C","C"
75235,"B","B"
75297,"D","D"
75306,"B","B"
75349,"A","A"
75350,"C","C"
75353,"D","D"
75375,"C","C"
75402,"D","D"
75406,"B","B"
75407,"B","B"
75411,"B","B"
75429,"B","B"
75437,"A","A"
75448,"C","C"
75452,"D","D"
75453,"A","A"
75465,"A","A"
75468,"C","C"
75523,"C","C"
75526,"C","B"
75530,"D","D"
75574,"B","B"
75604,"B","B"
75606,"B","C"
75613,"B","C"
75637,"C","C"
75649,"B","B"
75662,"C","C"
75678,"C","C"
75685,"C","C"
75689,"B","B"
75701,"D","D"
75738,"D","D"
75792,"C","C"
75836,"B","B"
75850,"B","B"
75851,"A","A"
75881,"B","B"
75888,"B","B"
75956,"C","C"
75962,"C","C"
75973,"B","C"
75991,"C","C"
76033,"D","D"
76060,"A","A"
76061,"B","B"
76064,"A","A"
76126,"A","A"
76156,"B","B"
76196,"B","B"
76205,"A","A"
76218,"D","D"
76220,"B","B"
76223,"A","A"
76233,"B","B"
76353,"A","A"
76373,"D","D"
76374,"C","C"
76401,"D","D"
76408,"A","A"
76409,"B","B"
76431,"A","A"
76436,"C","B"
76437,"D","D"
76441,"C","C"
76465,"C","C"
76477,"D","D"
76479,"A","A"
76503,"B","B"
76510,"D","D"
76513,"D","D"
76543,"C","C"
76544,"B","B"
76545,"B","B"
76546,"B","B"
76574,"A","A"
76586,"A","A"
76588,"A","A"
76615,"D","D"
76633,"A","A"
76665,"A","A"
76677,"D","D"
76681,"C","C"
76685,"D","D"
76698,"A","A"
76725,"C","C"
76729,"B","B"
76733,"C","C"
76735,"C","C"
76763,"B","B"
76817,"D","D"
76874,"D","D"
76876,"D","D"
76883,"A","A"
76886,"D","D"
76895,"A","A"
76902,"A","A"
76909,"B","B"
76942,"D","D"
76950,"D","D"
76957,"C","C"
76958,"C","C"
76960,"D","D"
76962,"D","D"
76992,"D","D"
76997,"C","C"
77004,"A","A"
77005,"B","B"
77017,"A","A"
77031,"D","D"
77045,"B","B"
77054,"D","D"
77065,"D","D"
77080,"A","A"
77098,"C","C"
77108,"D","D"
77156,"A","A"
77162,"D","D"
77168,"B","B"
77169,"B","B"
77173,"D","D"
77252,"D","D"
77403,"D","D"
77404,"D","D"
77425,"D","D"
77427,"B","B"
77442,"D","D"
77462,"B","B"
77484,"C","D"
77515,"A","A"
77528,"A","A"
77532,"D","D"
77543,"A","A"
77546,"B","B"
77547,"B","B"
77548,"D","D"
77550,"D","D"
77558,"D","D"
77559,"C","C"
77564,"D","D"
77566,"C","C"
77580,"C","C"
77611,"D","D"
77642,"D","D"
77645,"D","D"
77667,"C","C"
77681,"D","D"
77682,"A","A"
77693,"D","D"
77703,"C","B"
77705,"A","A"
77714,"C","C"
77731,"B","B"
77738,"D","D"
77750,"A","A"
77760,"C","C"
77761,"C","C"
77767,"C","C"
77769,"C","C"
77778,"C","C"
77781,"C","C"
77789,"C","C"
77799,"A","A"
77826,"D","D"
77850,"D","D"
77852,"D","D"
77858,"A","A"
77901,"C","C"
77919,"C","C"
77951,"B","B"
77955,"A","A"
77958,"D","D"
77960,"D","D"
77973,"C","C"
78028,"D","D"
78063,"B","B"
78075,"D","D"
78102,"D","D"
78113,"B","B"
78143,"B","B"
78171,"B","B"
78172,"C","C"
78196,"D","D"
78207,"C","C"
78213,"A","A"
78215,"D","D"
78216,"A","A"
78219,"B","B"
78220,"D","D"
78243,"D","D"
78275,"D","D"
78306,"C","C"
78314,"A","A"
78328,"D","D"
78332,"C","C"
78338,"B","B"
78347,"A","A"
78368,"A","A"
78403,"B","B"
78406,"C","C"
78408,"B","B"
78426,"D","D"
78472,"B","B"
78481,"D","D"
78489,"B","B"
78536,"A","A"
78544,"C","C"
78601,"D","D"
78604,"C","C"
78619,"B","B"
78621,"C","C"
78642,"B","B"
78669,"B","B"
78670,"B","B"
78698,"D","D"
78705,"B","B"
78722,"D","D"
78724,"A","A"
78727,"A","A"
78747,"C","D"
78756,"B","B"
78762,"B","B"
78769,"A","A"
78779,"D","D"
78781,"C","C"
78793,"D","D"
78794,"A","A"
78819,"A","A"
78844,"D","D"
78852,"D","D"
78860,"A","A"
78903,"C","C"
78911,"B","B"
78928,"C","C"
78934,"B","B"
78946,"A","A"
78962,"A","A"
78965,"D","D"
78981,"C","C"
78983,"A","A"
78985,"C","C"
78988,"A","A"
78996,"A","A"
79010,"B","B"
79025,"B","B"
79050,"D","D"
79052,"D","D"
79053,"D","D"
79069,"B","B"
79070,"B","B"
79117,"D","D"
79125,"B","B"
79132,"A","A"
79156,"B","B"
79206,"D","D"
79212,"C","C"
79214,"A","A"
79217,"A","A"
79218,"A","A"
79220,"A","A"
79248,"D","D"
79267,"A","A"
79272,"D","D"
79296,"B","B"
79299,"D","D"
79329,"A","A"
79334,"C","B"
79345,"D","D"
79346,"A","A"
79347,"C","C"
79366,"B","B"
79368,"A","A"
79390,"D","D"
79401,"B","B"
79406,"C","C"
79407,"A","A"
79410,"C","C"
79412,"B","B"
79414,"D","D"
79427,"C","C"
79430,"D","D"
79432,"C","C"
79433,"B","B"
79525,"B","C"
79528,"C","C"
79563,"C","C"
79564,"B","B"
79565,"C","C"
79599,"B","B"
79607,"A","A"
79632,"D","D"
79654,"D","D"
79661,"A","A"
79704,"C","C"
79729,"D","D"
79753,"B","B"
79756,"C","C"
79782,"C","C"
79783,"A","A"
79794,"C","C"
79801,"B","B"
79805,"B","B"
79821,"D","D"
79829,"C","C"
79851,"C","C"
79916,"C","C"
79923,"C","C"
79954,"A","A"
79961,"D","D"
79970,"B","B"
79974,"C","C"
79989,"D","D"
80027,"A","A"
80037,"C","C"
80051,"C","C"
80063,"C","C"
80079,"B","B"
80081,"D","D"
80109,"A","B"
80120,"B","B"
80121,"B","B"
80137,"D","D"
80142,"B","B"
80164,"D","D"
80194,"B","B"
80201,"C","C"
80230,"B","B"
80233,"D","D"
80235,"B","B"
80236,"D","D"
80242,"D","D"
80253,"D","D"
80260,"B","B"
80285,"C","C"
80299,"A","A"
80305,"B","B"
80312,"D","D"
80313,"D","D"
80316,"D","D"
80417,"D","D"
80451,"D","D"
80479,"D","D"
80484,"B","B"
80487,"A","A"
80494,"C","C"
80495,"D","D"
80534,"A","A"
80549,"D","D"
80552,"D","D"
80554,"B","B"
80572,"A","A"
80573,"A","A"
80585,"A","A"
80587,"D","D"
80591,"D","D"
80592,"A","A"
80598,"A","A"
80619,"B","B"
80621,"B","B"
80624,"B","B"
80629,"B","C"
80631,"D","D"
80638,"B","B"
80659,"D","D"
80669,"C","C"
80679,"C","C"
80742,"B","B"
80744,"B","B"
80763,"D","D"
80773,"B","B"
80798,"D","D"
80819,"A","A"
80841,"C","C"
80861,"A","A"
80887,"C","C"
80893,"B","B"
80930,"B","B"
80931,"C","C"
80937,"D","D"
80961,"B","B"
80964,"D","D"
80975,"A","A"
80989,"C","C"
80995,"A","A"
81033,"D","D"
81064,"A","A"
81073,"A","A"
81077,"A","A"
81088,"B","B"
81089,"D","D"
81103,"C","C"
81116,"C","C"
81134,"B","B"
81135,"C","B"
81161,"C","C"
81164,"C","C"
81166,"A","A"
81167,"C","C"
81174,"A","A"
81187,"D","D"
81202,"A","A"
81235,"D","D"
81244,"C","C"
81250,"B","B"
81255,"B","B"
81258,"C","C"
81264,"A","A"
81284,"A","A"
81290,"B","B"
81291,"A","A"
81297,"D","D"
81302,"D","D"
81303,"C","C"
81310,"B","B"
81328,"C","C"
81349,"D","D"
81365,"B","B"
81368,"B","B"
81381,"C","C"
81383,"D","D"
81386,"A","A"
81409,"D","D"
81425,"B","B"
81442,"D","D"
81453,"A","B"
81460,"D","D"
81461,"B","B"
81471,"C","C"
81475,"C","C"
81484,"C","C"
81521,"C","C"
81522,"C","C"
81528,"A","A"
81539,"B","B"
81540,"B","B"
81579,"B","B"
81580,"B","B"
81588,"B","B"
81595,"D","D"
81602,"C","C"
81606,"C","C"
81637,"A","A"
81647,"C","C"
81651,"D","D"
81667,"D","D"
81704,"D","D"
81705,"D","D"
81713,"C","C"
81719,"B","C"
81756,"A","A"
81759,"D","D"
81796,"A","A"
81800,"D","D"
81812,"B","B"
81815,"C","C"
81839,"D","D"
81857,"C","C"
81861,"B","B"
81862,"C","C"
81866,"D","D"
81884,"D","D"
81887,"D","C"
81894,"D","D"
81919,"B","B"
81925,"C","B"
81956,"C","C"
81971,"B","B"
81974,"B","B"
81978,"D","D"
81987,"D","D"
82009,"B","B"
82022,"D","D"
82033,"A","A"
82041,"D","D"
82048,"A","A"
82058,"D","D"
82074,"B","B"
82090,"A","A"
82094,"B","B"
82095,"C","C"
82097,"B","C"
82100,"C","C"
82113,"B","B"
82114,"A","A"
82134,"D","D"
82141,"B","B"
82142,"C","C"
82143,"C","C"
82176,"B","B"
82196,"B","C"
82217,"A","A"
82218,"C","C"
82225,"D","D"
82228,"D","D"
82231,"D","C"
82259,"D","D"
82278,"B","B"
82290,"B","B"
82315,"A","A"
82324,"B","B"
82337,"B","B"
82339,"D","D"
82340,"A","A"
82345,"D","D"
82354,"B","B"
82361,"D","D"
82373,"A","A"
82376,"C","C"
82388,"C","C"
82407,"A","A"
82413,"D","D"
82416,"C","C"
82429,"A","A"
82453,"B","B"
82466,"B","B"
82476,"C","C"
82483,"A","A"
82485,"D","D"
82544,"A","A"
82550,"C","C"
82563,"C","C"
82578,"B","A"
82601,"A","A"
82635,"B","B"
82636,"B","B"
82653,"A","A"
82655,"D","D"
82656,"D","D"
82664,"C","C"
82677,"C","C"
82680,"D","D"
82700,"C","C"
82733,"D","D"
82792,"B","B"
82806,"B","B"
82807,"B","B"
82812,"A","A"
82869,"D","D"
82878,"D","D"
82892,"C","C"
82909,"C","C"
82911,"B","B"
82930,"D","D"
82932,"A","A"
82933,"B","B"
82934,"D","D"
82944,"C","C"
82945,"C","C"
82950,"C","C"
82955,"A","A"
82959,"A","B"
82992,"B","B"
83097,"D","D"
83102,"A","A"
83125,"D","D"
83134,"B","B"
83135,"D","D"
83148,"C","C"
83196,"A","B"
83305,"D","D"
83316,"D","D"
83327,"B","B"
83351,"D","D"
83352,"A","A"
83360,"C","C"
83362,"B","B"
83365,"A","A"
83369,"C","C"
83394,"B","B"
83403,"D","D"
83409,"A","A"
83423,"D","D"
83424,"D","D"
83472,"D","D"
83474,"C","C"
83475,"B","B"
83476,"D","D"
83497,"B","B"
83504,"D","D"
83522,"A","A"
83524,"A","A"
83553,"B","C"
83565,"D","D"
83566,"D","D"
83567,"C","C"
83570,"D","D"
83571,"A","A"
83572,"C","C"
83575,"D","C"
83587,"A","A"
83588,"C","C"
83596,"D","D"
83603,"C","C"
83610,"A","A"
83627,"B","B"
83633,"C","C"
83640,"B","B"
83642,"C","C"
83643,"C","C"
83644,"D","D"
83648,"D","D"
83655,"C","C"
83687,"C","C"
83704,"C","C"
83709,"D","C"
83711,"A","A"
83744,"C","C"
83755,"C","C"
83769,"B","B"
83773,"D","D"
83799,"D","D"
83804,"C","C"
83808,"D","D"
83822,"B","B"
83824,"B","C"
83841,"D","D"
83843,"A","A"
83889,"B","B"
83927,"A","A"
83945,"B","B"
83953,"B","C"
83968,"A","A"
83969,"A","A"
83971,"B","B"
83990,"B","B"
83994,"C","C"
83995,"C","C"
83998,"B","B"
84038,"D","D"
84040,"C","C"
84065,"B","B"
84095,"B","B"
84103,"C","B"
84109,"B","B"
84124,"D","D"
84130,"A","A"
84165,"D","D"
84171,"C","C"
84196,"C","C"
84205,"C","C"
84256,"C","D"
84339,"A","A"
84389,"A","A"
84394,"C","C"
84417,"C","C"
84418,"D","D"
84451,"A","A"
84453,"C","C"
84456,"B","B"
84469,"D","D"
84500,"B","C"
84502,"A","A"
84518,"A","A"
84533,"D","D"
84541,"B","B"
84543,"C","C"
84547,"C","C"
84548,"D","D"
84551,"A","A"
84582,"C","C"
84589,"B","B"
84590,"D","D"
84615,"C","C"
84619,"B","B"
84629,"A","A"
84634,"C","C"
84656,"D","D"
84657,"B","B"
84690,"A","B"
84708,"B","B"
84711,"C","C"
84715,"A","A"
84729,"B","B"
84735,"C","C"
84749,"A","A"
84770,"B","B"
84813,"C","C"
84856,"A","A"
84863,"D","D"
84865,"C","C"
84887,"D","D"
84888,"A","A"
84889,"C","C"
84892,"B","B"
84910,"B","B"
84911,"B","B"
84921,"A","A"
84971,"D","D"
84982,"A","A"
84983,"B","B"
85007,"B","B"
85047,"A","A"
85063,"A","A"
85078,"A","A"
85091,"A","A"
85095,"D","D"
85097,"A","A"
85144,"B","B"
85156,"A","A"
85157,"D","D"
85158,"B","B"
85159,"B","B"
85164,"C","C"
85166,"D","D"
85169,"B","B"
85170,"A","A"
85183,"C","B"
85185,"C","C"
85221,"A","A"
85258,"D","D"
85271,"C","C"
85279,"B","C"
85295,"D","D"
85299,"C","C"
85307,"C","C"
85310,"C","C"
85327,"C","C"
85333,"C","C"
85337,"C","C"
85342,"A","A"
85363,"C","D"
85377,"C","C"
85397,"B","B"
85430,"A","A"
85433,"B","B"
85459,"B","B"
85480,"B","B"
85495,"B","B"
85500,"C","C"
85501,"B","B"
85518,"B","B"
85525,"B","C"
85532,"C","C"
85541,"A","A"
85562,"D","D"
85578,"D","D"
85583,"B","B"
85594,"B","B"
85646,"A","A"
85670,"A","A"
85679,"B","B"
85680,"A","A"
85682,"A","A"
85683,"B","B"
85694,"B","B"
85696,"C","C"
85713,"A","A"
85714,"D","D"
85722,"D","D"
85766,"B","B"
85779,"B","B"
85781,"D","D"
85787,"D","D"
85809,"B","B"
85816,"A","A"
85824,"D","D"
85835,"D","D"
85843,"C","C"
85849,"D","D"
85898,"A","A"
85917,"C","C"
85924,"C","C"
85925,"D","D"
85927,"C","C"
85930,"C","C"
85933,"A","A"
85935,"A","A"
85936,"B","B"
85937,"A","A"
85938,"A","A"
85944,"B","B"
85947,"D","D"
85953,"D","D"
85955,"C","C"
85971,"A","A"
85986,"D","D"
85987,"B","B"
86002,"C","C"
86013,"C","C"
86071,"A","A"
86073,"B","B"
86074,"A","A"
86076,"D","D"
86110,"A","B"
86116,"B","B"
86117,"A","A"
86124,"B","B"
86133,"B","B"
86137,"B","B"
86138,"D","D"
86144,"A","A"
86149,"C","C"
86150,"D","D"
86152,"C","C"
86154,"B","B"
86156,"B","B"
86158,"A","A"
86160,"C","C"
86161,"A","A"
86162,"B","B"
86166,"D","D"
86168,"D","D"
86170,"D","D"
86178,"A","A"
86180,"D","D"
86224,"D","D"
86231,"C","C"
86238,"A","A"
86261,"D","D"
86271,"D","D"
86282,"D","D"
86283,"C","C"
86284,"D","D"
86294,"B","B"
86296,"C","C"
86301,"B","C"
86310,"A","A"
86333,"A","A"
86336,"B","B"
86344,"A","A"
86354,"A","B"
86358,"C","C"
86359,"C","C"
86362,"C","C"
86381,"B","B"
86384,"C","C"
86385,"B","B"
86386,"B","B"
86394,"B","B"
86404,"B","B"
86406,"B","C"
86407,"A","A"
86409,"A","A"
86423,"C","C"
86470,"B","B"
86475,"C","C"
86478,"A","A"
86480,"D","D"
86484,"D","D"
86485,"B","B"
86486,"B","B"
86539,"D","D"
86545,"D","D"
86555,"D","D"
86561,"C","C"
86564,"C","C"
86567,"D","D"
86568,"B","B"
86588,"B","B"
86593,"C","C"
86629,"C","C"
86645,"D","D"
86647,"D","D"
86652,"A","A"
86653,"A","A"
86658,"C","D"
86659,"C","B"
86670,"D","D"
86694,"D","D"
86715,"B","B"
86718,"D","D"
86742,"C","C"
86753,"A","B"
86765,"C","C"
86766,"B","B"
86768,"A","A"
86774,"B","B"
86780,"B","B"
86781,"B","B"
86807,"C","C"
86814,"B","B"
86816,"B","B"
86829,"C","C"
86845,"D","D"
86868,"D","D"
86885,"B","C"
86910,"B","B"
86924,"C","C"
86933,"B","B"
86960,"A","A"
86986,"A","A"
86990,"D","D"
86991,"A","A"
86992,"A","A"
86994,"A","A"
86997,"B","B"
87015,"D","D"
87044,"C","C"
87048,"C","C"
87050,"C","C"
87079,"B","B"
87097,"A","A"
87099,"C","C"
87107,"C","C"
87112,"A","A"
87122,"A","A"
87149,"A","A"
87154,"B","C"
87167,"D","D"
87200,"A","A"
87201,"C","C"
87202,"B","B"
87203,"C","C"
87209,"B","B"
87258,"B","B"
87260,"A","B"
87272,"B","B"
87281,"C","C"
87285,"C","C"
87298,"D","D"
87309,"A","A"
87327,"C","C"
87338,"D","C"
87339,"C","C"
87401,"B","B"
87404,"A","A"
87425,"C","C"
87440,"C","C"
87443,"C","C"
87447,"D","D"
87482,"D","D"
87492,"C","C"
87511,"D","D"
87517,"D","D"
87537,"B","B"
87539,"C","C"
87551,"D","D"
87552,"D","D"
87556,"B","B"
87594,"D","D"
87604,"A","A"
87605,"B","B"
87609,"A","A"
87613,"D","D"
87624,"B","B"
87628,"D","D"
87631,"A","A"
87634,"A","A"
87639,"D","D"
87645,"A","A"
87647,"C","C"
87648,"C","C"
87652,"B","B"
87677,"D","D"
87693,"A","A"
87699,"A","A"
87700,"B","B"
87709,"D","D"
87714,"C","C"
87742,"A","A"
87757,"A","A"
87765,"D","D"
87778,"C","C"
87780,"C","C"
87782,"A","A"
87791,"D","D"
87799,"D","D"
87814,"C","C"
87889,"B","B"
87909,"A","A"
87924,"D","D"
87927,"C","C"
87932,"B","B"
87951,"D","D"
87952,"D","D"
87953,"A","A"
87954,"B","B"
88058,"D","D"
88063,"D","D"
88066,"C","C"
88082,"D","D"
88085,"C","C"
88087,"C","C"
88090,"C","C"
88091,"C","C"
88099,"B","B"
88100,"B","B"
88105,"A","A"
88113,"C","C"
88115,"A","A"
88119,"B","B"
88120,"B","B"
88129,"D","D"
88133,"B","B"
88134,"C","C"
88146,"A","A"
88159,"C","C"
88202,"B","B"
88264,"B","B"
88281,"A","A"
88326,"C","C"
88339,"C","C"
88340,"D","D"
88342,"A","A"
88380,"A","A"
88381,"A","A"
88382,"B","C"
88388,"C","C"
88428,"C","C"
88433,"D","D"
88443,"C","C"
88459,"C","C"
88461,"B","B"
88470,"B","B"
88475,"C","C"
88488,"D","D"
88498,"A","A"
88500,"A","A"
88508,"B","C"
88525,"B","B"
88539,"B","B"
88554,"D","D"
88574,"C","C"
88577,"D","D"
88675,"B","B"
88676,"C","C"
88688,"C","C"
88690,"C","C"
88708,"A","A"
88718,"C","C"
88721,"B","B"
88722,"B","B"
88723,"D","D"
88741,"B","B"
88756,"D","D"
88759,"A","A"
88774,"A","A"
88799,"D","D"
88802,"A","A"
88821,"B","B"
88829,"A","A"
88831,"B","C"
88862,"C","C"
88872,"A","A"
88873,"C","C"
88878,"A","A"
88883,"D","D"
88910,"B","B"
88942,"C","C"
88954,"B","B"
88955,"C","C"
88975,"D","D"
88983,"A","A"
89025,"D","D"
89027,"B","B"
89069,"C","C"
89070,"D","D"
89071,"D","D"
89072,"D","D"
89076,"A","A"
89080,"B","B"
89086,"B","B"
89104,"D","D"
89114,"C","C"
89115,"D","D"
89127,"D","D"
89128,"C","C"
89130,"D","D"
89133,"B","C"
89138,"A","A"
89140,"A","A"
89141,"D","D"
89143,"B","B"
89167,"C","C"
89188,"A","A"
89191,"B","B"
89193,"C","C"
89194,"A","A"
89196,"B","B"
89213,"A","A"
89276,"C","C"
89292,"A","A"
89315,"C","C"
89322,"A","A"
89324,"D","D"
89328,"B","B"
89335,"D","D"
89336,"B","B"
89385,"C","C"
89404,"B","B"
89416,"A","B"
89447,"A","A"
89449,"C","C"
89453,"D","D"
89462,"D","D"
89464,"A","A"
89475,"B","B"
89495,"B","B"
89497,"D","D"
89511,"A","A"
89512,"A","A"
89515,"A","A"
89544,"C","C"
89559,"B","B"
89560,"A","A"
89567,"A","A"
89569,"D","D"
89580,"C","C"
89590,"C","C"
89594,"B","B"
89599,"C","C"
89640,"A","A"
89643,"B","B"
89648,"D","D"
89652,"A","A"
89653,"A","A"
89654,"A","A"
89663,"B","B"
89666,"A","A"
89682,"A","A"
89685,"A","A"
89687,"C","C"
89694,"B","B"
89696,"B","C"
89701,"A","A"
89722,"B","B"
89728,"B","B"
89733,"D","D"
89748,"A","A"
89751,"D","D"
89758,"D","D"
89765,"B","B"
89772,"B","B"
89773,"C","C"
89775,"B","B"
89789,"B","B"
89798,"D","C"
89803,"C","C"
89830,"C","C"
89847,"C","C"
89865,"B","B"
89909,"C","C"
89920,"B","B"
89922,"B","B"
89927,"A","A"
89931,"A","A"
89948,"D","D"
89952,"C","C"
89968,"A","A"
89969,"B","B"
89981,"D","D"
89982,"D","D"
89988,"B","B"
89993,"D","D"
90008,"C","C"
90010,"B","B"
90015,"C","C"
90030,"C","C"
90039,"C","C"
90040,"B","C"
90041,"A","A"
90060,"A","A"
90067,"C","C"
90110,"C","C"
90114,"A","A"
90137,"C","D"
90139,"D","D"
90147,"B","B"
90149,"B","B"
90150,"C","C"
90192,"D","D"
90203,"C","B"
90212,"D","D"
90214,"C","C"
90217,"C","C"
90221,"D","D"
90222,"B","B"
90233,"A","A"
90234,"A","A"
90236,"D","D"
90237,"D","D"
90238,"D","D"
90239,"D","D"
90256,"C","C"
90268,"A","A"
90269,"A","A"
90272,"C","C"
90273,"A","A"
90281,"A","A"
90285,"A","A"
90310,"A","A"
90313,"B","B"
90316,"B","B"
90330,"A","A"
90331,"C","B"
90341,"B","B"
90343,"A","A"
90344,"A","A"
90352,"A","A"
90378,"B","B"
90409,"B","B"
90417,"B","B"
90427,"C","C"
90428,"C","C"
90436,"A","A"
90437,"A","A"
90439,"A","A"
90448,"D","D"
90449,"C","D"
90458,"B","B"
90460,"C","C"
90461,"C","C"
90464,"A","A"
90482,"C","C"
90486,"B","B"
90487,"D","D"
90501,"A","A"
90503,"D","D"
90504,"C","C"
90511,"B","B"
90514,"D","D"
90520,"D","D"
90539,"B","B"
90568,"D","D"
90580,"A","A"
90581,"C","C"
90583,"C","C"
90585,"B","B"
90588,"C","C"
90593,"C","C"
90595,"B","B"
90603,"D","D"
90604,"D","D"
90605,"A","A"
90614,"B","B"
90622,"D","D"
90643,"B","B"
90652,"D","D"
90672,"B","B"
90685,"B","B"
90701,"C","C"
90705,"A","A"
90709,"C","C"
90710,"C","C"
90711,"B","B"
90733,"B","B"
90758,"A","A"
90760,"A","A"
90772,"B","B"
90800,"A","A"
90801,"C","C"
90808,"A","A"
90810,"B","B"
90813,"D","D"
90817,"A","A"
90818,"A","A"
90819,"C","C"
90826,"A","A"
90833,"A","A"
90837,"B","A"
90839,"A","A"
90840,"B","B"
90846,"D","D"
90862,"D","D"
90873,"A","A"
90878,"B","B"
90886,"A","A"
90891,"A","A"
90892,"A","A"
90893,"B","B"
90894,"C","C"
90895,"C","C"
90930,"A","A"
90931,"A","A"
90939,"D","D"
90941,"D","D"
90950,"D","D"
90955,"C","C"
90971,"B","B"
90973,"A","A"
90974,"B","B"
90976,"B","B"
90977,"A","A"
90989,"A","A"
90990,"A","A"
90991,"A","A"
91012,"A","A"
91015,"B","B"
91017,"A","A"
91019,"C","D"
91028,"C","C"
91035,"D","D"
91038,"B","B"
91041,"D","D"
91042,"A","A"
91044,"D","D"
91067,"D","D"
91073,"A","A"
91074,"A","A"
91075,"A","A"
91078,"A","A"
91121,"B","B"
91133,"A","A"
91134,"A","A"
91152,"B","B"
91153,"C","C"
91157,"C","C"
91166,"C","C"
91189,"B","B"
91191,"A","B"
91195,"A","A"
91199,"A","A"
91205,"D","D"
91208,"C","C"
91209,"B","B"
91210,"B","B"
91232,"B","B"
91236,"A","A"
91241,"C","C"
91245,"B","B"
91247,"A","A"
91250,"C","C"
91253,"D","D"
91276,"B","B"
91279,"B","B"
91282,"A","A"
91287,"C","C"
91289,"B","B"
91298,"D","D"
91300,"D","D"
91301,"A","A"
91330,"D","D"
91331,"C","C"
91390,"D","D"
91413,"C","C"
91427,"D","D"
91428,"C","C"
91448,"C","D"
91450,"B","B"
91451,"D","D"
91453,"B","B"
91457,"C","C"
91459,"D","D"
91465,"D","D"
91473,"D","C"
91483,"B","B"
91486,"A","B"
91502,"A","A"
91503,"B","B"
91525,"A","A"
91531,"C","C"
91555,"B","B"
91561,"D","D"
91564,"A","A"
91565,"A","A"
91571,"C","C"
91572,"D","D"
91577,"B","B"
91587,"D","D"
91619,"D","D"
91620,"B","B"
91639,"B","B"
91715,"A","A"
91717,"B","B"
91754,"A","A"
91760,"B","B"
91762,"D","D"
91767,"B","B"
91802,"A","A"
91807,"C","C"
91809,"C","C"
91811,"A","A"
91823,"B","B"
91828,"D","D"
91829,"A","A"
91830,"C","C"
91832,"B","B"
91843,"D","D"
91847,"C","C"
91849,"D","D"
91852,"B","B"
91853,"C","C"
91873,"A","A"
91874,"C","C"
91876,"A","A"
91907,"B","B"
91911,"D","D"
91931,"D","D"
91934,"D","C"
91954,"D","D"
91974,"B","B"
91977,"A","A"
91979,"A","A"
91986,"A","A"
91989,"B","B"
91999,"B","B"
92022,"B","B"
92029,"C","C"
92042,"A","A"
92044,"D","D"
92049,"D","C"
92050,"A","A"
92066,"A","A"
92068,"A","A"
92075,"B","B"
92095,"B","B"
92099,"D","D"
92102,"A","A"
92110,"A","A"
92116,"D","D"
92119,"A","A"
92141,"D","D"
92149,"C","C"
92151,"A","A"
92171,"B","B"
92173,"B","B"
92174,"B","B"
92187,"C","C"
92199,"A","A"
92242,"C","C"
92252,"A","A"
92253,"A","A"
92268,"A","A"
92283,"D","D"
92287,"C","C"
92288,"B","B"
92301,"A","A"
92306,"A","A"
92313,"A","A"
92338,"A","A"
92339,"B","B"
92352,"D","D"
92382,"C","C"
92383,"C","C"
92384,"A","A"
92387,"B","B"
92393,"B","B"
92409,"A","A"
92428,"A","A"
92438,"D","D"
92441,"D","D"
92444,"B","B"
92449,"B","B"
92453,"D","D"
92455,"B","B"
92459,"D","D"
92467,"C","C"
92475,"A","A"
92477,"B","B"
92509,"A","A"
92530,"D","D"
92537,"D","D"
92540,"D","D"
92555,"B","B"
92568,"D","D"
92584,"C","C"
92592,"D","D"
92598,"A","A"
92611,"C","C"
92642,"B","B"
92648,"A","A"
92659,"B","B"
92665,"B","B"
92666,"D","D"
92670,"A","A"
92707,"B","B"
92764,"A","A"
92766,"C","C"
92767,"B","B"
92785,"A","A"
92812,"C","C"
92814,"B","B"
92825,"D","D"
92844,"D","D"
92894,"A","A"
92906,"C","C"
92907,"A","A"
92917,"A","A"
92927,"B","B"
92928,"D","D"
92935,"A","A"
92939,"C","C"
92980,"B","B"
92982,"C","C"
92983,"D","D"
92993,"D","D"
92995,"B","B"
92996,"A","A"
92998,"B","B"
93022,"B","B"
93023,"B","B"
93036,"B","B"
93060,"B","B"
93063,"A","A"
93064,"C","C"
93065,"D","D"
93072,"C","C"
93073,"B","B"
93080,"B","B"
93105,"A","A"
93127,"C","C"
93150,"D","D"
93182,"D","D"
93187,"C","C"
93189,"C","C"
93193,"A","A"
93197,"C","C"
93223,"D","D"
93240,"B","B"
93243,"C","C"
93245,"D","D"
93250,"C","C"
93268,"A","A"
93281,"A","A"
93289,"D","D"
93297,"A","A"
93305,"A","A"
93306,"A","A"
93309,"C","C"
93314,"A","A"
93336,"C","C"
93361,"C","C"
93362,"D","D"
93390,"C","C"
93401,"C","C"
93422,"C","C"
93424,"A","A"
93428,"C","C"
93431,"C","C"
93453,"A","A"
93460,"A","A"
93469,"B","B"
93473,"A","A"
93484,"C","C"
93488,"A","A"
93492,"A","A"
93496,"C","C"
93501,"A","A"
93502,"D","D"
93533,"D","D"
93536,"B","B"
93539,"D","D"
93546,"A","A"
93549,"D","D"
93559,"B","B"
93561,"C","C"
93572,"B","B"
93573,"D","D"
93607,"C","C"
93615,"B","B"
93617,"D","D"
93619,"C","C"
93623,"B","B"
93636,"B","B"
93647,"A","A"
93777,"B","B"
93815,"B","B"
93822,"A","A"
93835,"D","C"
93855,"A","A"
93897,"B","B"
93900,"D","D"
93911,"B","B"
93912,"B","B"
93913,"D","D"
93936,"C","C"
93946,"C","C"
93947,"B","B"
93951,"C","C"
93955,"A","A"
93957,"A","A"
93959,"A","A"
93968,"A","A"
93969,"A","A"
93973,"D","D"
93977,"B","B"
93989,"C","C"
93993,"C","C"
94013,"D","D"
94037,"D","D"
94061,"B","B"
94082,"B","B"
94094,"D","C"
94103,"C","C"
94126,"A","A"
94127,"B","B"
94142,"A","A"
94149,"A","A"
94175,"C","C"
94182,"D","D"
94185,"A","A"
94187,"C","C"
94189,"A","A"
94190,"B","B"
94209,"A","A"
94229,"D","D"
94231,"D","D"
94235,"D","D"
94255,"A","A"
94269,"D","D"
94280,"A","A"
94305,"C","C"
94310,"A","A"
94318,"C","C"
94337,"A","A"
94347,"D","D"
94351,"D","D"
94352,"A","A"
94354,"C","C"
94355,"D","D"
94388,"C","C"
94394,"C","C"
94408,"D","D"
94412,"A","A"
94432,"A","A"
94442,"D","D"
94455,"C","C"
94460,"B","B"
94465,"D","D"
94502,"C","C"
94521,"C","C"
94522,"A","A"
94540,"A","A"
94542,"C","C"
94543,"A","A"
94547,"A","A"
94555,"B","B"
94574,"A","A"
94578,"A","A"
94592,"A","A"
94600,"C","C"
94604,"B","B"
94605,"B","B"
94609,"B","B"
94612,"C","C"
94614,"D","D"
94615,"C","C"
94616,"B","B"
94631,"C","C"
94646,"C","C"
94658,"A","A"
94660,"A","A"
94695,"C","C"
94701,"A","A"
94702,"C","C"
94703,"C","C"
94710,"D","D"
94722,"C","C"
94726,"C","C"
94739,"B","B"
94790,"B","B"
94792,"A","A"
94802,"A","A"
94806,"A","A"
94815,"B","B"
94828,"C","C"
94837,"A","A"
94843,"B","B"
94848,"C","C"
94868,"A","A"
94890,"C","C"
94894,"D","D"
94903,"B","B"
94910,"D","D"
94921,"C","C"
94922,"D","D"
94928,"D","D"
94929,"C","C"
94952,"B","B"
94954,"D","D"
94959,"D","D"
94995,"A","A"
95014,"C","C"
95016,"B","B"
95018,"A","A"
95019,"C","C"
95021,"C","C"
95022,"B","B"
95023,"B","B"
95032,"A","A"
95033,"A","A"
95065,"D","D"
95095,"B","B"
95114,"C","C"
95130,"B","B"
95162,"B","B"
95169,"C","C"
95174,"B","B"
95177,"D","D"
95180,"C","C"
95184,"B","B"
95188,"C","C"
95192,"A","A"
95361,"D","D"
95363,"B","B"
95366,"D","C"
95375,"C","C"
95377,"B","B"
95400,"D","D"
95401,"C","C"
95410,"A","A"
95440,"D","D"
95441,"C","C"
95452,"A","A"
95455,"B","B"
95463,"C","C"
95468,"B","B"
95470,"B","B"
95481,"A","A"
95495,"C","C"
95537,"C","C"
95539,"C","C"
95554,"A","A"
95556,"B","B"
95558,"A","A"
95560,"B","B"
95569,"C","C"
95584,"A","A"
95590,"B","B"
95592,"D","D"
95621,"A","A"
95643,"A","A"
95656,"C","B"
95657,"A","A"
95671,"D","D"
95676,"C","D"
95681,"A","B"
95684,"B","B"
95702,"A","A"
95733,"A","A"
95750,"D","D"
95754,"D","D"
95761,"B","B"
95764,"B","B"
95768,"C","C"
95845,"D","D"
95897,"A","A"
95899,"A","A"
95902,"A","A"
95903,"A","A"
95922,"A","A"
95961,"A","A"
96024,"A","A"
96027,"B","B"
96034,"A","A"
96063,"D","D"
96110,"D","D"
96198,"D","D"
96202,"C","C"
96214,"B","B"
96237,"A","A"
96268,"B","B"
96280,"C","C"
96285,"D","D"
96292,"C","C"
96300,"A","A"
96318,"D","D"
96369,"B","B"
96433,"A","A"
96451,"D","D"
96529,"D","D"
96530,"A","A"
96532,"B","B"
96533,"A","A"
96534,"A","A"
96536,"D","D"
96537,"B","B"
96564,"A","A"
96565,"D","D"
96567,"A","A"
96569,"D","D"
96571,"D","D"
96573,"B","B"
96575,"A","A"
96577,"B","B"
96578,"D","D"
96583,"A","A"
96584,"D","D"
96589,"D","D"
96591,"D","D"
96592,"C","C"
96598,"A","A"
96599,"B","B"
96600,"B","B"
96608,"A","A"
96632,"D","D"
96634,"C","C"
96645,"D","D"
96653,"B","B"
96654,"D","D"
96670,"A","A"
96671,"B","B"
96692,"B","B"
96721,"B","B"
96745,"A","A"
96772,"A","A"
96775,"B","B"
96813,"D","D"
96824,"B","B"
96845,"B","B"
96864,"B","B"
96909,"A","A"
96913,"B","B"
96916,"A","A"
97048,"B","B"
97065,"B","B"
97078,"B","B"
97102,"D","D"
97104,"C","C"
97106,"B","B"
97156,"A","A"
97189,"B","B"
97190,"B","B"
97200,"C","C"
97218,"C","C"
97219,"C","C"
97237,"B","B"
97259,"D","D"
97261,"C","C"
97277,"D","C"
97282,"A","A"
97283,"D","D"
97295,"C","C"
97296,"C","C"
97321,"B","B"
97356,"D","D"
97358,"A","A"
97372,"A","A"
97398,"A","A"
97411,"A","A"
97412,"A","A"
97431,"A","A"
97432,"D","D"
97468,"A","A"
97469,"D","D"
97482,"A","A"
97496,"A","A"
97503,"B","B"
97518,"B","B"
97519,"D","D"
97536,"A","A"
97549,"C","C"
97550,"B","B"
97613,"D","D"
97661,"C","C"
97662,"A","A"
97663,"A","A"
97682,"C","C"
97683,"C","C"
97684,"B","B"
97735,"D","D"
97736,"C","C"
97776,"A","A"
97795,"A","A"
97801,"B","B"
97803,"A","A"
97804,"A","A"
97805,"B","B"
97806,"B","B"
97829,"C","C"
97830,"A","A"
97841,"C","C"
97877,"A","A"
97879,"C","C"
97882,"B","B"
97894,"B","B"
97896,"D","D"
97928,"D","D"
97929,"A","A"
97938,"C","C"
97940,"A","A"
97954,"A","A"
97956,"C","C"
97973,"D","D"
97975,"A","A"
97989,"D","D"
98013,"A","A"
98047,"A","A"
98050,"C","C"
98063,"C","C"
98071,"B","B"
98082,"C","C"
98113,"D","D"
98118,"D","D"
98140,"C","C"
98154,"D","D"
98173,"A","A"
98174,"A","A"
98176,"A","A"
98177,"B","B"
98184,"A","A"
98221,"A","A"
98222,"C","C"
98223,"A","A"
98225,"A","A"
98226,"A","A"
98229,"A","A"
98256,"A","A"
98278,"C","C"
98280,"D","D"
98283,"A","A"
98293,"A","A"
98301,"A","A"
98303,"D","D"
98309,"A","A"
98329,"D","D"
98334,"A","A"
98360,"C","C"
98375,"D","D"
98376,"B","B"
98378,"A","A"
98379,"C","C"
98615,"D","D"
98616,"A","A"
98618,"C","C"
98657,"B","B"
98673,"C","C"
98772,"C","C"
98806,"A","A"
98823,"A","A"
98824,"A","A"
98825,"C","C"
98847,"B","B"
98866,"D","D"
98872,"B","B"
98890,"A","A"
98904,"C","C"
98916,"A","A"
98971,"A","A"
98972,"C","C"
98973,"A","A"
98974,"D","D"
98985,"C","C"
98995,"D","D"
99015,"D","D"
99016,"A","A"
99045,"B","B"
99046,"A","A"
99048,"A","A"
99056,"D","D"
99059,"B","B"
99085,"D","D"
99102,"A","A"
99134,"C","C"
99135,"B","B"
99136,"D","D"
99182,"A","A"
99189,"B","B"
99191,"B","B"
99192,"B","B"
99194,"A","A"
99235,"B","B"
99249,"A","A"
99250,"A","A"
99252,"A","A"
99253,"B","B"
99268,"D","D"
99269,"B","B"
99272,"D","D"
99274,"B","B"
99277,"A","A"
99295,"A","A"
99298,"D","D"
99331,"A","A"
99341,"D","D"
99386,"C","C"
99387,"B","B"
99388,"C","C"
99396,"A","A"
99397,"D","D"
99419,"A","A"
99421,"D","D"
99432,"D","D"
99510,"A","A"
99590,"D","D"
99679,"A","A"
99695,"A","A"
99706,"C","C"
99707,"C","C"
99708,"B","B"
99709,"B","B"
99717,"B","B"
99719,"C","C"
99729,"A","A"
99733,"A","A"
99738,"B","B"
99740,"A","A"
99747,"C","C"
99757,"C","C"
99761,"D","D"
99764,"D","D"
99777,"B","B"
99778,"B","B"
99783,"A","A"
99788,"D","D"
99794,"A","A"
99818,"A","A"
99820,"C","C"
99991,"A","A"
100041,"D","D"
100059,"D","D"
100069,"A","A"
100072,"C","C"
100083,"B","B"
100098,"C","C"
100099,"D","D"
100135,"A","A"
100215,"B","B"
100216,"D","D"
100219,"B","B"
100239,"A","A"
100240,"B","B"
100252,"A","A"
100274,"A","A"
100288,"D","D"
100330,"C","C"
100331,"C","C"
100362,"A","A"
100378,"A","A"
100416,"C","C"
100440,"C","C"
100475,"A","A"
100477,"A","A"
100479,"A","A"
100480,"B","B"
100504,"C","C"
100560,"C","C"
100579,"D","D"
100603,"A","A"
100639,"A","A"
100642,"C","C"
100660,"A","A"
100707,"A","A"
100715,"A","A"
100716,"A","A"
100781,"B","B"
100807,"A","A"
100817,"A","A"
100870,"D","D"
100992,"C","C"
101028,"A","A"
101170,"D","D"
101184,"B","B"
101186,"B","B"
101189,"C","C"
101190,"B","B"
101252,"B","B"
101294,"C","C"
101375,"C","C"
101388,"A","A"
101389,"B","B"
101430,"A","A"
101461,"C","C"
101499,"A","A"
101577,"A","A"
101668,"A","A"
101671,"D","D"
101691,"A","A"
101697,"C","C"
101771,"A","A"
101838,"C","C"
101853,"A","A"
102257,"B","B"
102336,"D","D"
102398,"C","C"
